Trading_Code,Date,Open,High,Low,Close,Volume
NURANI,2025-04-08,3.9,3.9,3.8,3.8,69888.0
NURANI,2025-04-07,3.8,4.0,3.8,3.9,47028.0
NURANI,2025-04-06,3.9,4.0,3.8,3.8,76105.0
NURANI,2025-03-27,3.9,4.0,3.9,4.0,68201.0
NURANI,2025-03-25,3.9,4.0,3.9,3.9,4901.0
NURANI,2025-03-24,3.9,4.0,3.8,3.9,39178.0
NURANI,2025-03-23,3.9,4.0,3.9,4.0,126463.0
NURANI,2025-03-20,3.9,4.0,3.8,3.9,127579.0
NURANI,2025-03-19,3.9,3.9,3.8,3.8,148106.0
NURANI,2025-03-18,3.9,4.0,3.8,3.9,21585.0
NURANI,2025-03-17,4.0,4.1,3.8,3.9,123375.0
NURANI,2025-03-16,4.0,4.0,3.8,3.9,60041.0
NURANI,2025-03-13,4.0,4.0,3.8,3.9,16293.0
NURANI,2025-03-12,4.0,4.0,3.8,3.9,76940.0
NURANI,2025-03-11,4.0,4.0,3.9,3.9,42527.0
NURANI,2025-03-10,3.9,3.9,3.8,3.9,34368.0
NURANI,2025-03-09,3.9,4.0,3.8,3.9,114676.0
NURANI,2025-03-06,4.0,4.1,3.9,4.0,124714.0
NURANI,2025-03-05,4.2,4.2,4.0,4.1,38862.0
NURANI,2025-03-04,4.1,4.1,4.0,4.1,85744.0
NURANI,2025-03-03,4.1,4.2,4.1,4.1,40335.0
NURANI,2025-03-02,4.2,4.2,4.1,4.1,98754.0
NURANI,2025-02-27,4.1,4.3,4.0,4.1,279782.0
NURANI,2025-02-26,4.1,4.2,4.1,4.1,39773.0
NURANI,2025-02-25,4.1,4.2,4.0,4.1,173377.0
NURANI,2025-02-24,4.1,4.3,4.1,4.1,136335.0
NURANI,2025-02-23,4.3,4.4,4.1,4.2,223746.0
NURANI,2025-02-20,4.1,4.4,4.0,4.2,108743.0
NURANI,2025-02-19,4.3,4.3,4.0,4.1,193289.0
NURANI,2025-02-18,4.5,4.6,4.2,4.3,247203.0
NURANI,2025-02-17,4.4,4.6,4.4,4.5,212927.0
NURANI,2025-02-16,4.8,4.9,4.4,4.4,524635.0
NURANI,2025-02-13,4.7,4.8,4.6,4.8,1005212.0
NURANI,2025-02-12,4.2,4.4,4.1,4.4,628209.0
NURANI,2025-02-11,3.8,4.0,3.8,4.0,614168.0
NURANI,2025-02-10,3.9,3.9,3.7,3.7,61907.0
NURANI,2025-02-09,4.0,4.0,3.8,3.9,104283.0
NURANI,2025-02-06,3.9,4.0,3.8,3.9,213473.0
NURANI,2025-02-05,3.6,3.9,3.6,3.8,251812.0
NURANI,2025-02-04,3.7,3.7,3.6,3.7,28562.0
NURANI,2025-02-03,3.7,3.8,3.6,3.7,150525.0
NURANI,2025-02-02,3.6,3.7,3.6,3.6,68467.0
NURANI,2025-01-30,3.5,3.6,3.5,3.5,53723.0
NURANI,2025-01-29,3.6,3.6,3.5,3.5,12734.0
NURANI,2025-01-28,3.5,3.7,3.5,3.6,91467.0
NURANI,2025-01-27,3.5,3.5,3.4,3.5,91600.0
NURANI,2025-01-26,3.5,3.6,3.5,3.5,13960.0
NURANI,2025-01-23,3.6,3.6,3.5,3.5,101853.0
NURANI,2025-01-22,3.6,3.6,3.5,3.6,64712.0
NURANI,2025-01-21,3.5,3.6,3.5,3.6,97711.0
NURANI,2025-01-20,3.5,3.6,3.5,3.5,22954.0
NURANI,2025-01-19,3.5,3.6,3.5,3.5,13345.0
NURANI,2025-01-16,3.6,3.6,3.5,3.6,40467.0
NURANI,2025-01-15,3.6,3.6,3.5,3.6,64523.0
NURANI,2025-01-14,3.6,3.7,3.5,3.6,57250.0
NURANI,2025-01-13,3.6,3.7,3.5,3.6,64066.0
NURANI,2025-01-12,3.6,3.7,3.5,3.6,37337.0
NURANI,2025-01-09,3.6,3.8,3.6,3.6,12836.0
NURANI,2025-01-08,3.7,3.8,3.6,3.6,99094.0
NURANI,2025-01-07,3.7,3.8,3.6,3.7,87351.0
NURANI,2025-01-06,3.6,3.7,3.6,3.7,17230.0
NURANI,2025-01-05,3.8,3.8,3.6,3.6,87125.0
NURANI,2025-01-02,3.8,3.8,3.6,3.8,7588.0
NURANI,2025-01-01,3.7,3.7,3.7,3.7,70560.0
NURANI,2024-12-30,3.6,3.7,3.6,3.6,17345.0
NURANI,2024-12-29,3.5,3.7,3.5,3.6,13252.0
NURANI,2024-12-26,3.6,3.7,3.6,3.6,1486.0
NURANI,2024-12-24,3.6,3.7,3.5,3.6,48646.0
NURANI,2024-12-23,3.6,3.6,3.5,3.5,50107.0
NURANI,2024-12-22,3.7,3.7,3.5,3.6,199119.0
NURANI,2024-12-19,3.7,3.8,3.7,3.8,12156.0
NURANI,2024-12-18,3.7,3.9,3.7,3.8,10896.0
NURANI,2024-12-17,3.8,3.9,3.8,3.8,9879.0
NURANI,2024-12-15,3.8,3.9,3.8,3.8,44255.0
NURANI,2024-12-12,3.8,3.9,3.8,3.8,84792.0
NURANI,2024-12-11,3.8,4.0,3.8,3.9,21390.0
NURANI,2024-12-10,3.9,3.9,3.9,3.9,30472.0
NURANI,2024-12-09,4.0,4.0,3.9,3.9,19201.0
NURANI,2024-12-08,3.9,3.9,3.9,3.9,95137.0
NURANI,2024-12-05,3.9,4.1,3.9,4.0,29088.0
NURANI,2024-12-04,4.0,4.1,3.9,4.0,244798.0
NURANI,2024-12-03,4.0,4.0,3.9,4.0,49295.0
NURANI,2024-12-02,4.1,4.1,3.8,3.9,76977.0
NURANI,2024-12-01,4.0,4.1,3.9,4.0,17311.0
NURANI,2024-11-28,3.9,4.1,3.9,4.0,100269.0
NURANI,2024-11-27,4.1,4.1,4.0,4.0,63120.0
NURANI,2024-11-26,4.2,4.2,4.0,4.0,30564.0
NURANI,2024-11-25,4.0,4.1,4.0,4.1,86157.0
NURANI,2024-11-24,4.0,4.1,4.0,4.0,39821.0
NURANI,2024-11-21,4.1,4.1,4.0,4.0,105468.0
NURANI,2024-11-20,4.0,4.2,4.0,4.1,44739.0
NURANI,2024-11-19,4.0,4.2,4.0,4.1,20319.0
NURANI,2024-11-18,4.2,4.3,4.0,4.1,89121.0
NURANI,2024-11-17,4.2,4.3,4.0,4.2,45157.0
NURANI,2024-11-14,4.2,4.2,4.0,4.1,28605.0
NURANI,2024-11-13,4.0,4.1,3.8,4.1,93809.0
NURANI,2024-11-12,4.3,4.3,4.1,4.1,13161.0
NURANI,2024-11-11,4.1,4.2,4.1,4.1,49854.0
NURANI,2024-11-10,4.4,4.4,4.2,4.3,68939.0
NURANI,2024-11-07,4.4,4.5,4.3,4.3,21936.0
NURANI,2024-11-06,4.2,4.5,4.2,4.4,166046.0
NURANI,2024-11-05,4.2,4.3,4.0,4.2,237774.0
NURANI,2024-11-04,4.0,4.2,4.0,4.1,37905.0
NURANI,2024-11-03,4.0,4.2,4.0,4.2,43461.0
NURANI,2024-10-31,4.2,4.2,4.0,4.1,41302.0
NURANI,2024-10-30,4.3,4.3,4.0,4.0,192723.0
NURANI,2024-10-29,4.2,4.3,4.0,4.0,115574.0
NURANI,2024-10-28,4.0,4.3,4.0,4.1,119097.0
NURANI,2024-10-27,4.0,4.2,4.0,4.0,131932.0
NURANI,2024-10-24,4.1,4.1,4.0,4.0,31320.0
NURANI,2024-10-23,4.5,4.5,3.9,4.0,103084.0
NURANI,2024-10-22,4.4,4.4,4.1,4.2,23844.0
NURANI,2024-10-21,4.2,4.2,3.9,4.0,55087.0
NURANI,2024-10-20,4.3,4.4,4.1,4.2,46647.0
NURANI,2024-10-17,4.5,4.6,4.4,4.4,22434.0
NURANI,2024-10-16,4.5,4.7,4.4,4.4,98975.0
NURANI,2024-10-15,4.5,5.0,4.5,4.6,14873.0
NURANI,2024-10-14,4.9,5.0,4.5,4.7,2960.0
NURANI,2024-10-09,4.6,4.7,4.5,4.7,36849.0
NURANI,2024-10-08,4.8,4.8,4.5,4.7,21133.0
NURANI,2024-10-07,4.5,5.0,4.5,4.5,35901.0
NURANI,2024-10-06,4.9,4.9,4.5,4.7,120789.0
NURANI,2024-10-03,4.4,4.6,4.4,4.5,43697.0
NURANI,2024-10-02,4.7,4.7,4.3,4.4,109105.0
NURANI,2024-10-01,4.4,4.8,4.4,4.6,10353.0
NURANI,2024-09-30,4.6,4.9,4.6,4.7,21097.0
NURANI,2024-09-29,4.5,4.8,4.5,4.6,18514.0
NURANI,2024-09-26,4.7,5.1,4.4,4.6,202485.0
NURANI,2024-09-25,4.9,5.1,4.7,4.7,155176.0
NURANI,2024-09-24,4.8,5.1,4.8,5.0,89997.0
NURANI,2024-09-23,5.0,5.1,4.9,5.0,122031.0
NURANI,2024-09-22,5.0,5.3,5.0,5.1,38994.0
NURANI,2024-09-19,5.0,5.2,5.0,5.1,50961.0
NURANI,2024-09-18,5.0,5.2,5.0,5.1,11221.0
NURANI,2024-09-17,5.0,5.4,5.0,5.1,56671.0
NURANI,2024-09-15,4.7,5.5,4.7,5.2,7138.0
NURANI,2024-09-12,5.2,5.5,5.0,5.0,46685.0
NURANI,2024-09-11,5.0,5.4,5.0,5.1,66310.0
NURANI,2024-09-10,5.2,5.2,4.9,5.0,84049.0
NURANI,2024-09-09,4.7,5.4,4.7,5.2,71676.0
NURANI,2024-09-08,5.5,5.5,5.2,5.2,72396.0
NURANI,2024-09-05,5.4,5.7,5.3,5.3,120395.0
NURANI,2024-09-04,5.5,5.8,5.5,5.5,116726.0
NURANI,2024-09-03,5.9,5.9,5.6,5.6,45090.0
NURANI,2024-09-02,5.7,6.0,5.7,5.7,76832.0
NURANI,2024-09-01,5.5,6.0,5.5,5.8,151058.0
NURANI,2024-08-29,6.0,6.0,5.5,5.8,210109.0
NURANI,2024-08-28,5.8,6.1,5.8,5.8,318638.0
NURANI,2024-08-27,6.0,6.1,5.8,5.9,513927.0
NURANI,2024-08-25,5.9,6.0,5.7,5.9,609619.0
NURANI,2024-08-22,5.2,5.8,5.2,5.5,390566.0
NURANI,2024-08-21,5.6,5.6,5.3,5.3,267996.0
NURANI,2024-08-20,5.6,5.6,5.4,5.4,266341.0
NURANI,2024-08-19,5.6,5.6,5.5,5.5,217469.0
NURANI,2024-08-18,5.7,5.9,5.6,5.6,150651.0
NURANI,2024-08-15,5.8,6.0,5.7,5.7,354552.0
NURANI,2024-08-14,5.9,6.1,5.8,5.8,556877.0
NURANI,2024-08-13,6.0,6.1,5.9,5.9,355491.0
NURANI,2024-08-12,6.6,6.6,5.9,6.0,683601.0
NURANI,2024-08-11,6.2,6.2,5.6,6.0,1128448.0
NURANI,2024-08-08,5.6,5.7,5.4,5.7,436251.0
NURANI,2024-08-07,4.9,5.2,4.8,5.2,405008.0
NURANI,2024-08-06,4.9,4.9,4.6,4.8,248150.0
NURANI,2024-08-04,5.0,5.0,4.5,4.5,59529.0
NURANI,2024-08-01,4.4,4.6,4.3,4.6,55957.0
NURANI,2024-07-31,4.4,4.4,4.3,4.3,32881.0
NURANI,2024-07-30,4.3,4.5,4.2,4.3,34053.0
NURANI,2024-07-29,4.5,4.5,4.3,4.3,50413.0
NURANI,2024-07-28,4.6,4.9,4.4,4.4,94638.0
NURANI,2024-07-25,4.8,4.8,4.5,4.5,64402.0
NURANI,2024-07-24,5.1,5.1,4.6,4.6,15018.0
NURANI,2024-07-18,4.8,4.8,4.6,4.7,79047.0
NURANI,2024-07-16,4.8,4.8,4.5,4.7,128458.0
NURANI,2024-07-15,4.9,4.9,4.5,4.6,94750.0
NURANI,2024-07-14,4.7,4.7,4.5,4.5,85000.0
NURANI,2024-07-11,4.6,4.7,4.6,4.6,143110.0
NURANI,2024-07-10,4.7,4.9,4.7,4.7,128601.0
NURANI,2024-07-09,5.0,5.0,4.8,4.8,175603.0
NURANI,2024-07-08,5.0,5.0,4.7,4.9,291102.0
NURANI,2024-07-07,5.0,5.0,4.6,4.8,331744.0
NURANI,2024-07-04,4.6,4.7,4.5,4.6,157416.0
NURANI,2024-07-03,4.7,4.8,4.5,4.5,265842.0
NURANI,2024-07-02,4.7,4.7,4.4,4.6,179517.0
NURANI,2024-06-30,4.5,4.6,4.3,4.5,241142.0
NURANI,2024-06-27,4.2,4.5,4.2,4.4,377290.0
NURANI,2024-06-26,4.0,4.2,4.0,4.1,94164.0
NURANI,2024-06-25,4.2,4.2,4.0,4.1,401874.0
NURANI,2024-06-24,4.0,4.2,4.0,4.1,172585.0
NURANI,2024-06-23,4.1,4.2,4.1,4.1,285194.0
NURANI,2024-06-20,4.2,4.2,4.2,4.2,134521.0
NURANI,2024-06-19,4.4,4.4,4.3,4.3,3131.0
NURANI,2024-06-13,4.4,4.5,4.4,4.4,230010.0
NURANI,2024-06-12,4.5,4.5,4.5,4.5,6180.0
NURANI,2024-06-11,4.6,4.6,4.6,4.6,65800.0
NURANI,2024-06-10,5.1,5.1,4.7,4.7,395478.0
NURANI,2024-06-09,4.6,4.8,4.4,4.8,499137.0
NURANI,2024-06-06,4.2,4.4,4.2,4.4,982102.0
NURANI,2024-06-05,3.8,4.0,3.8,4.0,266626.0
NURANI,2024-06-04,3.8,3.8,3.6,3.7,85746.0
NURANI,2024-06-03,3.7,3.8,3.6,3.7,28279.0
NURANI,2024-06-02,3.8,3.8,3.7,3.7,78483.0
NURANI,2024-05-30,3.7,3.8,3.5,3.7,58273.0
NURANI,2024-05-29,3.5,3.8,3.5,3.6,8390.0
NURANI,2024-05-28,3.9,3.9,3.6,3.6,110172.0
NURANI,2024-05-27,3.7,3.8,3.7,3.7,16998.0
NURANI,2024-05-26,3.8,3.8,3.8,3.8,1139.0
NURANI,2024-05-23,4.0,4.0,3.8,3.9,47597.0
NURANI,2024-05-21,3.8,4.0,3.8,3.9,50815.0
NURANI,2024-05-20,3.8,3.9,3.6,3.8,104389.0
NURANI,2024-05-19,3.8,3.8,3.7,3.7,59227.0
NURANI,2024-05-16,3.8,4.0,3.7,3.8,20926.0
NURANI,2024-05-15,4.0,4.0,3.8,3.8,103381.0
NURANI,2024-05-14,3.9,4.1,3.9,3.9,69362.0
NURANI,2024-05-13,3.9,4.1,3.9,4.0,160160.0
NURANI,2024-05-12,4.2,4.2,3.9,3.9,145686.0
NURANI,2024-05-09,4.2,4.2,4.0,4.0,116930.0
NURANI,2024-05-08,4.1,4.2,4.1,4.1,31437.0
NURANI,2024-05-07,4.2,4.2,4.1,4.1,124646.0
NURANI,2024-05-06,4.1,4.2,4.0,4.1,51060.0
NURANI,2024-05-05,4.2,4.2,4.0,4.1,114243.0
NURANI,2024-05-02,4.1,4.2,4.1,4.1,168915.0
NURANI,2024-04-30,4.0,4.2,4.0,4.2,128225.0
NURANI,2024-04-29,4.1,4.3,4.0,4.1,118381.0
NURANI,2024-04-28,4.0,4.4,3.9,4.0,41231.0
NURANI,2024-04-25,4.1,4.1,4.0,4.0,283765.0
NURANI,2024-04-24,4.5,4.5,4.1,4.1,110179.0
NURANI,2024-04-23,4.7,4.7,4.2,4.2,75145.0
NURANI,2024-04-22,4.5,4.5,4.4,4.4,28630.0
NURANI,2024-04-21,4.8,4.8,4.3,4.4,117206.0
NURANI,2024-04-18,4.7,4.8,4.6,4.6,91558.0
NURANI,2024-04-17,4.7,4.9,4.7,4.8,47793.0
NURANI,2024-04-16,4.9,4.9,4.7,4.8,82150.0
NURANI,2024-04-15,5.0,5.0,4.8,4.8,8331.0
NURANI,2024-04-09,4.9,5.0,4.8,4.9,32762.0
NURANI,2024-04-08,4.9,5.1,4.7,4.8,31610.0
NURANI,2024-04-04,4.6,4.9,4.6,4.8,64166.0
NURANI,2024-04-03,4.7,4.8,4.7,4.7,35476.0
NURANI,2024-04-02,5.0,5.0,4.7,4.7,24691.0
NURANI,2024-04-01,5.2,5.2,4.7,4.8,24611.0
NURANI,2024-03-31,4.6,5.0,4.5,4.9,35232.0
NURANI,2024-03-28,4.9,4.9,4.6,4.7,59741.0
NURANI,2024-03-27,4.8,4.8,4.6,4.7,74783.0
NURANI,2024-03-25,4.8,5.0,4.8,4.9,83777.0
NURANI,2024-03-24,5.1,5.1,4.9,5.0,53629.0
NURANI,2024-03-21,4.9,5.1,4.9,5.0,104634.0
NURANI,2024-03-20,4.8,5.0,4.8,5.0,49012.0
NURANI,2024-03-19,4.7,4.9,4.7,4.9,33657.0
NURANI,2024-03-18,5.0,5.0,4.7,4.8,19362.0
NURANI,2024-03-14,5.0,5.0,4.8,4.9,101766.0
NURANI,2024-03-13,4.8,5.1,4.7,5.0,110523.0
NURANI,2024-03-12,5.0,5.0,4.8,4.8,133260.0
NURANI,2024-03-11,5.0,5.2,4.8,4.9,289167.0
NURANI,2024-03-10,5.7,5.7,5.0,5.0,106348.0
NURANI,2024-03-07,5.4,5.5,5.2,5.3,91614.0
NURANI,2024-03-06,5.5,5.6,5.4,5.5,17425.0
NURANI,2024-03-05,5.7,5.7,5.4,5.4,94820.0
NURANI,2024-03-04,5.9,5.9,5.4,5.5,59117.0
NURANI,2024-03-03,6.0,6.0,5.4,5.5,124765.0
NURANI,2024-02-29,5.9,6.0,5.6,5.6,140524.0
NURANI,2024-02-28,5.8,5.9,5.7,5.8,73416.0
NURANI,2024-02-27,6.0,6.0,5.8,5.8,63051.0
NURANI,2024-02-25,6.1,6.1,5.8,6.0,129707.0
NURANI,2024-02-22,5.7,6.3,5.7,6.1,286738.0
NURANI,2024-02-20,5.8,6.1,5.7,5.8,214014.0
NURANI,2024-02-19,5.6,5.8,5.5,5.6,76688.0
NURANI,2024-02-18,6.2,6.2,5.7,5.7,104819.0
NURANI,2024-02-15,6.3,6.3,5.7,6.0,221294.0
NURANI,2024-02-14,6.4,6.4,5.8,6.0,267524.0
NURANI,2024-02-13,6.0,6.6,6.0,6.1,206938.0
NURANI,2024-02-12,6.6,6.6,6.1,6.2,432914.0
NURANI,2024-02-11,7.1,7.1,6.5,6.6,276355.0
NURANI,2024-02-08,6.8,7.1,6.6,6.8,484636.0
NURANI,2024-02-07,6.9,7.2,6.7,6.8,1721191.0
NURANI,2024-02-06,6.5,6.6,6.2,6.6,347978.0
NURANI,2024-02-05,5.8,6.0,5.8,6.0,454526.0
NURANI,2024-02-04,5.3,5.5,5.1,5.5,403152.0
NURANI,2024-02-01,5.0,5.2,4.4,5.0,206183.0
NURANI,2024-01-31,4.7,5.0,4.7,4.8,106466.0
NURANI,2024-01-30,4.7,5.1,4.6,5.0,285206.0
NURANI,2024-01-29,5.0,5.0,4.5,4.7,138593.0
NURANI,2024-01-28,5.1,5.2,4.7,4.9,300008.0
NURANI,2024-01-25,5.2,5.4,5.0,5.0,269695.0
NURANI,2024-01-24,5.2,5.5,5.2,5.3,285501.0
NURANI,2024-01-23,5.2,5.5,5.2,5.2,790077.0
NURANI,2024-01-22,5.7,5.7,5.7,5.7,245674.0
NURANI,2024-01-21,6.3,6.3,6.3,6.3,21485.0
NURANI,2024-01-18,7.0,7.0,7.0,7.0,1.0
NURANI,2024-01-17,7.0,7.0,7.0,7.0,2.0
NURANI,2024-01-16,0.0,0.0,0.0,7.0,0.0
NURANI,2024-01-15,0.0,0.0,0.0,7.0,0.0
NURANI,2024-01-14,7.0,7.0,7.0,7.0,614.0
NURANI,2024-01-11,0.0,0.0,0.0,7.0,0.0
NURANI,2024-01-10,0.0,0.0,0.0,7.0,0.0
NURANI,2024-01-09,7.0,7.0,7.0,7.0,15201.0
NURANI,2024-01-08,0.0,0.0,0.0,7.0,0.0
NURANI,2024-01-04,7.0,7.0,7.0,7.0,90.0
NURANI,2024-01-03,0.0,0.0,0.0,7.0,0.0
NURANI,2024-01-02,0.0,0.0,0.0,7.0,0.0
NURANI,2024-01-01,7.0,7.0,7.0,7.0,200.0
NURANI,2023-12-28,7.0,7.0,7.0,7.0,300.0
NURANI,2023-12-27,7.0,7.0,7.0,7.0,2.0
NURANI,2023-12-26,7.0,7.0,7.0,7.0,100.0
NURANI,2023-12-24,7.0,7.0,7.0,7.0,1.0
NURANI,2023-12-21,7.0,7.0,7.0,7.0,1.0
NURANI,2023-12-20,7.0,7.0,7.0,7.0,800.0
NURANI,2023-12-19,7.0,7.0,7.0,7.0,1512.0
NURANI,2023-12-18,7.0,7.0,7.0,7.0,69286.0
NURANI,2023-12-17,7.0,7.0,7.0,7.0,53001.0
NURANI,2023-12-14,7.0,7.0,7.0,7.0,9300.0
NURANI,2023-12-13,7.0,7.0,7.0,7.0,1085.0
NURANI,2023-12-12,7.0,7.0,7.0,7.0,40.0
NURANI,2023-12-11,7.0,7.0,7.0,7.0,3005.0
NURANI,2023-12-10,0.0,0.0,0.0,7.0,0.0
NURANI,2023-12-07,7.0,7.0,7.0,7.0,800.0
NURANI,2023-12-06,7.0,7.0,7.0,7.0,200.0
NURANI,2023-12-05,7.0,7.0,7.0,7.0,1.0
NURANI,2023-12-04,0.0,0.0,0.0,7.0,0.0
NURANI,2023-12-03,0.0,0.0,0.0,7.0,0.0
NURANI,2023-11-30,0.0,0.0,0.0,7.0,0.0
NURANI,2023-11-29,7.0,7.0,7.0,7.0,1.0
NURANI,2023-11-28,0.0,0.0,0.0,7.0,0.0
NURANI,2023-11-27,7.0,7.0,7.0,7.0,10.0
NURANI,2023-11-26,7.0,7.0,7.0,7.0,11541.0
NURANI,2023-11-23,7.0,7.0,7.0,7.0,1.0
NURANI,2023-11-22,7.0,7.0,7.0,7.0,2.0
NURANI,2023-11-21,7.0,7.0,7.0,7.0,1.0
NURANI,2023-11-20,7.0,7.0,7.0,7.0,35.0
NURANI,2023-11-19,7.0,7.0,7.0,7.0,20.0
NURANI,2023-11-16,7.0,7.0,7.0,7.0,1.0
NURANI,2023-11-15,7.0,7.0,7.0,7.0,1.0
NURANI,2023-11-14,7.0,7.0,7.0,7.0,31.0
NURANI,2023-11-13,7.0,7.0,7.0,7.0,1.0
NURANI,2023-11-12,0.0,0.0,0.0,7.0,0.0
NURANI,2023-11-09,7.0,7.0,7.0,7.0,50.0
NURANI,2023-11-08,7.0,7.0,7.0,7.0,11.0
NURANI,2023-11-07,7.0,7.0,7.0,7.0,100.0
NURANI,2023-11-06,7.0,7.0,7.0,7.0,11.0
NURANI,2023-11-05,7.0,7.0,7.0,7.0,1.0
NURANI,2023-11-02,7.0,7.0,7.0,7.0,1100.0
NURANI,2023-11-01,7.0,7.0,7.0,7.0,1.0
NURANI,2023-10-31,0.0,0.0,0.0,7.0,0.0
NURANI,2023-10-30,7.0,7.0,7.0,7.0,100.0
NURANI,2023-10-29,0.0,0.0,0.0,7.0,0.0
NURANI,2023-10-26,0.0,0.0,0.0,7.0,0.0
NURANI,2023-10-25,0.0,0.0,0.0,7.0,0.0
NURANI,2023-10-23,7.0,7.0,7.0,7.0,1.0
NURANI,2023-10-22,7.0,7.0,7.0,7.0,71.0
NURANI,2023-10-19,7.0,7.0,7.0,7.0,750.0
NURANI,2023-10-18,0.0,0.0,0.0,7.0,0.0
NURANI,2023-10-17,7.0,7.0,7.0,7.0,1.0
NURANI,2023-10-16,7.0,7.0,7.0,7.0,1.0
NURANI,2023-10-15,7.0,7.0,7.0,7.0,1.0
NURANI,2023-10-12,7.0,7.0,7.0,7.0,2.0
NURANI,2023-10-11,0.0,0.0,0.0,7.0,0.0
NURANI,2023-10-10,7.0,7.0,7.0,7.0,1.0
NURANI,2023-10-09,0.0,0.0,0.0,7.0,0.0
NURANI,2023-10-08,7.0,7.0,7.0,7.0,1.0
NURANI,2023-10-05,7.0,7.0,7.0,7.0,1.0
NURANI,2023-10-04,7.0,7.0,7.0,7.0,2.0
NURANI,2023-10-03,0.0,0.0,0.0,7.0,0.0
NURANI,2023-10-02,0.0,0.0,0.0,7.0,0.0
NURANI,2023-10-01,7.0,7.0,7.0,7.0,2.0
NURANI,2023-09-27,7.0,7.0,7.0,7.0,2.0
NURANI,2023-09-26,0.0,0.0,0.0,7.0,0.0
NURANI,2023-09-25,0.0,0.0,0.0,7.0,0.0
NURANI,2023-09-24,0.0,0.0,0.0,7.0,0.0
NURANI,2023-09-21,0.0,0.0,0.0,7.0,0.0
NURANI,2023-09-20,7.0,7.0,7.0,7.0,50.0
NURANI,2023-09-19,0.0,0.0,0.0,7.0,0.0
NURANI,2023-09-18,7.0,7.0,7.0,7.0,1000.0
NURANI,2023-09-17,7.0,7.0,7.0,7.0,1.0
NURANI,2023-09-14,7.0,7.0,7.0,7.0,1.0
NURANI,2023-09-13,7.0,7.0,7.0,7.0,1.0
NURANI,2023-09-12,7.0,7.0,7.0,7.0,1.0
NURANI,2023-09-11,7.0,7.0,7.0,7.0,1.0
NURANI,2023-09-10,7.0,7.0,7.0,7.0,1.0
NURANI,2023-09-07,0.0,0.0,0.0,7.0,0.0
NURANI,2023-09-05,7.0,7.0,7.0,7.0,12.0
NURANI,2023-09-04,7.0,7.0,7.0,7.0,1.0
NURANI,2023-09-03,7.0,7.0,7.0,7.0,100.0
NURANI,2023-08-31,7.0,7.0,7.0,7.0,50303.0
NURANI,2023-08-30,7.0,7.0,7.0,7.0,2.0
NURANI,2023-08-29,7.0,7.0,7.0,7.0,52501.0
NURANI,2023-08-28,7.0,7.0,7.0,7.0,50005.0
NURANI,2023-08-27,7.0,7.0,7.0,7.0,1.0
NURANI,2023-08-24,7.0,7.0,7.0,7.0,548.0
NURANI,2023-08-23,7.0,7.0,7.0,7.0,10.0
NURANI,2023-08-22,0.0,0.0,0.0,7.0,0.0
NURANI,2023-08-21,0.0,0.0,0.0,7.0,0.0
NURANI,2023-08-20,7.0,7.0,7.0,7.0,75.0
NURANI,2023-08-17,0.0,0.0,0.0,7.0,0.0
NURANI,2023-08-16,7.0,7.0,7.0,7.0,452.0
NURANI,2023-08-14,7.0,7.0,7.0,7.0,2.0
NURANI,2023-08-13,7.0,7.0,7.0,7.0,340.0
NURANI,2023-08-10,7.0,7.0,7.0,7.0,200.0
NURANI,2023-08-09,0.0,0.0,0.0,7.0,0.0
NURANI,2023-08-08,0.0,0.0,0.0,7.0,0.0
NURANI,2023-08-07,0.0,0.0,0.0,7.0,0.0
NURANI,2023-08-06,7.0,7.0,7.0,7.0,40.0
NURANI,2023-08-03,0.0,0.0,0.0,7.0,0.0
NURANI,2023-08-02,0.0,0.0,0.0,7.0,0.0
NURANI,2023-08-01,0.0,0.0,0.0,7.0,0.0
NURANI,2023-07-31,7.0,7.0,7.0,7.0,1.0
NURANI,2023-07-30,0.0,0.0,0.0,7.0,0.0
NURANI,2023-07-27,7.0,7.0,7.0,7.0,2.0
NURANI,2023-07-26,0.0,0.0,0.0,7.0,0.0
NURANI,2023-07-25,7.0,7.0,7.0,7.0,5000.0
NURANI,2023-07-24,7.0,7.0,7.0,7.0,1001.0
NURANI,2023-07-23,7.0,7.0,7.0,7.0,100.0
NURANI,2023-07-20,7.0,7.0,7.0,7.0,442.0
NURANI,2023-07-19,7.0,7.0,7.0,7.0,700.0
NURANI,2023-07-18,7.0,7.0,7.0,7.0,1.0
NURANI,2023-07-17,7.0,7.0,7.0,7.0,1150.0
NURANI,2023-07-16,7.0,7.0,7.0,7.0,600.0
NURANI,2023-07-13,7.0,7.0,7.0,7.0,6701.0
NURANI,2023-07-12,7.0,7.0,7.0,7.0,5636.0
NURANI,2023-07-11,7.0,7.0,7.0,7.0,8746.0
NURANI,2023-07-10,7.0,7.0,7.0,7.0,59534.0
NURANI,2023-07-09,7.0,7.0,7.0,7.0,18610.0
NURANI,2023-07-06,7.0,7.0,7.0,7.0,13557.0
NURANI,2023-07-05,7.0,7.0,7.0,7.0,27640.0
NURANI,2023-07-04,7.0,7.0,7.0,7.0,9.0
NURANI,2023-07-03,7.0,7.0,7.0,7.0,9246.0
NURANI,2023-07-02,7.0,7.0,7.0,7.0,30715.0
NURANI,2023-06-26,7.0,7.0,7.0,7.0,28577.0
NURANI,2023-06-25,7.0,7.0,7.0,7.0,1201.0
NURANI,2023-06-22,7.0,7.0,7.0,7.0,2170.0
NURANI,2023-06-21,7.0,7.0,7.0,7.0,5630.0
NURANI,2023-06-20,7.0,7.0,7.0,7.0,1500.0
NURANI,2023-06-19,7.0,7.0,7.0,7.0,1.0
NURANI,2023-06-18,7.0,7.0,7.0,7.0,235.0
NURANI,2023-06-15,7.0,7.0,7.0,7.0,185.0
NURANI,2023-06-14,0.0,0.0,0.0,7.0,0.0
NURANI,2023-06-13,0.0,0.0,0.0,7.0,0.0
NURANI,2023-06-12,0.0,0.0,0.0,7.0,0.0
NURANI,2023-06-11,0.0,0.0,0.0,7.0,0.0
NURANI,2023-06-08,0.0,0.0,0.0,7.0,0.0
NURANI,2023-06-07,0.0,0.0,0.0,7.0,0.0
NURANI,2023-06-06,0.0,0.0,0.0,7.0,0.0
NURANI,2023-06-05,7.0,7.0,7.0,7.0,1540.0
NURANI,2023-06-04,7.0,7.0,7.0,7.0,1505.0
NURANI,2023-06-01,7.0,7.0,7.0,7.0,30.0
NURANI,2023-05-31,0.0,0.0,0.0,7.0,0.0
NURANI,2023-05-30,7.0,7.0,7.0,7.0,700.0
NURANI,2023-05-29,7.0,7.0,7.0,7.0,561.0
NURANI,2023-05-28,7.0,7.0,7.0,7.0,60.0
NURANI,2023-05-25,7.0,7.0,7.0,7.0,3450.0
NURANI,2023-05-24,7.0,7.0,7.0,7.0,100.0
NURANI,2023-05-23,7.0,7.0,7.0,7.0,1540.0
NURANI,2023-05-22,7.0,7.0,7.0,7.0,350.0
NURANI,2023-05-21,7.0,7.0,7.0,7.0,843.0
NURANI,2023-05-18,0.0,0.0,0.0,7.0,0.0
NURANI,2023-05-17,7.0,7.0,7.0,7.0,535.0
NURANI,2023-05-16,7.0,7.0,7.0,7.0,10.0
NURANI,2023-05-15,0.0,0.0,0.0,7.0,0.0
NURANI,2023-05-14,0.0,0.0,0.0,7.0,0.0
NURANI,2023-05-11,7.0,7.0,7.0,7.0,2555.0
NURANI,2023-05-10,7.0,7.0,7.0,7.0,250.0
NURANI,2023-05-09,7.0,7.0,7.0,7.0,6380.0
NURANI,2023-05-08,7.0,7.0,7.0,7.0,1061.0
NURANI,2023-05-07,7.0,7.0,7.0,7.0,1.0
NURANI,2023-05-03,7.0,7.0,7.0,7.0,7617.0
NURANI,2023-05-02,0.0,0.0,0.0,7.0,0.0
NURANI,2023-04-30,7.0,7.0,7.0,7.0,5050.0
NURANI,2023-04-27,7.0,7.0,7.0,7.0,5.0
NURANI,2023-04-26,7.0,7.0,7.0,7.0,130.0
NURANI,2023-04-25,7.0,7.0,7.0,7.0,1193.0
NURANI,2023-04-24,7.0,7.0,7.0,7.0,50.0
NURANI,2023-04-18,0.0,0.0,0.0,7.0,0.0
NURANI,2023-04-17,0.0,0.0,0.0,7.0,0.0
NURANI,2023-04-16,7.0,7.0,7.0,7.0,100.0
NURANI,2023-04-16,7.0,7.0,7.0,7.0,100.0
NURANI,2023-04-12,7.0,7.0,7.0,7.0,217.0
NURANI,2023-04-12,7.0,7.0,7.0,7.0,217.0
NURANI,2023-04-11,7.0,7.0,7.0,7.0,2.0
NURANI,2023-04-11,7.0,7.0,7.0,7.0,2.0
NURANI,2023-04-10,7.0,7.0,7.0,7.0,1065.0
NURANI,2023-04-10,7.0,7.0,7.0,7.0,1065.0
NURANI,2023-04-09,7.0,7.0,7.0,7.0,500.0
NURANI,2023-04-09,7.0,7.0,7.0,7.0,500.0
NURANI,2023-04-05,7.0,7.0,7.0,7.0,3.0
NURANI,2023-04-05,7.0,7.0,7.0,7.0,3.0
NURANI,2023-04-04,7.0,7.0,7.0,7.0,2.0
NURANI,2023-04-04,7.0,7.0,7.0,7.0,2.0
NURANI,2023-04-03,7.0,7.0,7.0,7.0,50.0
NURANI,2023-04-03,7.0,7.0,7.0,7.0,50.0
NURANI,2023-04-02,7.0,7.0,7.0,7.0,285.0
NURANI,2023-04-02,7.0,7.0,7.0,7.0,285.0
NURANI,2023-03-27,7.0,7.0,7.0,7.0,5.0
NURANI,2023-03-27,7.0,7.0,7.0,7.0,5.0
NURANI,2023-03-20,7.0,7.0,7.0,7.0,5.0
NURANI,2023-03-20,7.0,7.0,7.0,7.0,5.0
NURANI,2023-03-16,7.0,7.0,7.0,7.0,1.0
NURANI,2023-03-16,7.0,7.0,7.0,7.0,1.0
NURANI,2023-03-15,7.0,7.0,7.0,7.0,1.0
NURANI,2023-03-15,7.0,7.0,7.0,7.0,1.0
NURANI,2023-03-14,7.0,7.0,7.0,7.0,1.0
NURANI,2023-03-14,7.0,7.0,7.0,7.0,1.0
NURANI,2023-03-13,7.0,7.0,7.0,7.0,2.0
NURANI,2023-03-13,7.0,7.0,7.0,7.0,2.0
NURANI,2023-03-09,7.0,7.0,7.0,7.0,3200.0
NURANI,2023-03-09,7.0,7.0,7.0,7.0,3200.0
NURANI,2023-03-07,7.0,7.0,7.0,7.0,5.0
NURANI,2023-03-07,7.0,7.0,7.0,7.0,5.0
NURANI,2023-03-06,7.0,7.0,7.0,7.0,16.0
NURANI,2023-03-06,7.0,7.0,7.0,7.0,16.0
NURANI,2023-03-05,7.0,7.0,7.0,7.0,1.0
NURANI,2023-03-05,7.0,7.0,7.0,7.0,1.0
NURANI,2023-03-02,7.0,7.0,7.0,7.0,50.0
NURANI,2023-03-02,7.0,7.0,7.0,7.0,50.0
NURANI,2023-03-01,7.0,7.0,7.0,7.0,21000.0
NURANI,2023-03-01,7.0,7.0,7.0,7.0,21000.0
NURANI,2023-02-16,7.0,7.0,7.0,7.0,1.0
NURANI,2023-02-16,7.0,7.0,7.0,7.0,1.0
NURANI,2023-02-14,7.0,7.0,7.0,7.0,3.0
NURANI,2023-02-14,7.0,7.0,7.0,7.0,3.0
NURANI,2023-02-13,7.0,7.0,7.0,7.0,1.0
NURANI,2023-02-13,7.0,7.0,7.0,7.0,1.0
NURANI,2023-02-12,7.0,7.0,7.0,7.0,5000.0
NURANI,2023-02-12,7.0,7.0,7.0,7.0,5000.0
NURANI,2023-02-06,7.0,7.0,7.0,7.0,5.0
NURANI,2023-02-06,7.0,7.0,7.0,7.0,5.0
NURANI,2023-02-05,7.0,7.0,7.0,7.0,5.0
NURANI,2023-02-05,7.0,7.0,7.0,7.0,5.0
NURANI,2023-02-02,7.0,7.0,7.0,7.0,9.0
NURANI,2023-02-02,7.0,7.0,7.0,7.0,9.0
NURANI,2023-01-31,7.0,7.0,7.0,7.0,5.0
NURANI,2023-01-31,7.0,7.0,7.0,7.0,5.0
NURANI,2023-01-30,7.0,7.0,7.0,7.0,1.0
NURANI,2023-01-30,7.0,7.0,7.0,7.0,1.0
NURANI,2023-01-29,7.0,7.0,7.0,7.0,1.0
NURANI,2023-01-29,7.0,7.0,7.0,7.0,1.0
NURANI,2023-01-26,7.0,7.0,7.0,7.0,12.0
NURANI,2023-01-26,7.0,7.0,7.0,7.0,12.0
NURANI,2023-01-23,7.0,7.0,7.0,7.0,1.0
NURANI,2023-01-23,7.0,7.0,7.0,7.0,1.0
NURANI,2023-01-22,7.0,7.0,7.0,7.0,401.0
NURANI,2023-01-22,7.0,7.0,7.0,7.0,401.0
NURANI,2023-01-19,7.0,7.0,7.0,7.0,1.0
NURANI,2023-01-19,7.0,7.0,7.0,7.0,1.0
NURANI,2023-01-18,7.0,7.0,7.0,7.0,1730.0
NURANI,2023-01-18,7.0,7.0,7.0,7.0,1730.0
NURANI,2023-01-17,7.0,7.0,7.0,7.0,14953.0
NURANI,2023-01-17,7.0,7.0,7.0,7.0,14953.0
NURANI,2023-01-16,7.0,7.0,7.0,7.0,100.0
NURANI,2023-01-16,7.0,7.0,7.0,7.0,100.0
NURANI,2023-01-15,7.0,7.0,7.0,7.0,11.0
NURANI,2023-01-15,7.0,7.0,7.0,7.0,11.0
NURANI,2023-01-08,7.0,7.0,7.0,7.0,1.0
NURANI,2023-01-08,7.0,7.0,7.0,7.0,1.0
NURANI,2023-01-04,7.0,7.0,7.0,7.0,285.0
NURANI,2023-01-04,7.0,7.0,7.0,7.0,285.0
NURANI,2023-01-03,7.0,7.0,7.0,7.0,2.0
NURANI,2023-01-03,7.0,7.0,7.0,7.0,2.0
NURANI,2023-01-02,7.0,7.0,7.0,7.0,1.0
NURANI,2023-01-02,7.0,7.0,7.0,7.0,1.0
NURANI,2022-12-27,7.0,7.0,7.0,7.0,1.0
NURANI,2022-12-27,7.0,7.0,7.0,7.0,1.0
NURANI,2022-12-22,7.0,7.0,7.0,7.0,520.0
NURANI,2022-12-22,7.0,7.0,7.0,7.0,520.0
NURANI,2022-12-20,7.0,7.0,7.0,7.0,500.0
NURANI,2022-12-20,7.0,7.0,7.0,7.0,500.0
NURANI,2022-12-19,7.0,7.0,7.0,7.0,1.0
NURANI,2022-12-19,7.0,7.0,7.0,7.0,1.0
NURANI,2022-12-18,7.0,7.0,7.0,7.0,27.0
NURANI,2022-12-18,7.0,7.0,7.0,7.0,27.0
NURANI,2022-12-14,7.0,7.0,7.0,7.0,650.0
NURANI,2022-12-14,7.0,7.0,7.0,7.0,650.0
NURANI,2022-12-13,7.0,7.0,7.0,7.0,1.0
NURANI,2022-12-13,7.0,7.0,7.0,7.0,1.0
NURANI,2022-12-12,7.0,7.0,7.0,7.0,1.0
NURANI,2022-12-12,7.0,7.0,7.0,7.0,1.0
NURANI,2022-12-11,7.0,7.0,7.0,7.0,301.0
NURANI,2022-12-11,7.0,7.0,7.0,7.0,301.0
NURANI,2022-12-07,7.0,7.0,7.0,7.0,1.0
NURANI,2022-12-07,7.5,8.0,7.2,8.0,3252705.0
NURANI,2022-12-07,7.0,7.0,7.0,7.0,1.0
NURANI,2022-12-06,6.7,6.7,6.7,6.7,177514.0
NURANI,2022-12-05,6.9,7.0,6.8,6.9,117780.0
NURANI,2022-12-04,7.0,7.0,6.9,7.0,159527.0
NURANI,2022-12-01,7.3,7.5,7.3,7.3,348945.0
NURANI,2022-11-29,7.0,7.0,7.0,7.0,85.0
NURANI,2022-11-29,7.0,7.0,7.0,7.0,85.0
NURANI,2022-11-28,7.0,7.0,7.0,7.0,76.0
NURANI,2022-11-28,7.0,7.0,7.0,7.0,76.0
NURANI,2022-11-27,7.0,7.0,7.0,7.0,1.0
NURANI,2022-11-27,7.0,7.0,7.0,7.0,1.0
NURANI,2022-11-24,7.0,7.0,7.0,7.0,10000.0
NURANI,2022-11-24,7.0,7.0,7.0,7.0,10000.0
NURANI,2022-11-23,7.0,7.0,7.0,7.0,1.0
NURANI,2022-11-23,7.0,7.0,7.0,7.0,1.0
NURANI,2022-11-22,7.0,7.0,7.0,7.0,1.0
NURANI,2022-11-22,7.0,7.0,7.0,7.0,1.0
NURANI,2022-11-21,7.0,7.0,7.0,7.0,1.0
NURANI,2022-11-21,7.0,7.0,7.0,7.0,1.0
NURANI,2022-11-20,7.0,7.0,7.0,7.0,1.0
NURANI,2022-11-20,7.0,7.0,7.0,7.0,1.0
NURANI,2022-11-17,7.0,7.0,7.0,7.0,1000.0
NURANI,2022-11-17,7.0,7.0,7.0,7.0,1000.0
NURANI,2022-11-14,7.0,7.0,7.0,7.0,1001.0
NURANI,2022-11-14,7.0,7.0,7.0,7.0,1001.0
NURANI,2022-11-13,7.0,7.0,7.0,7.0,50.0
NURANI,2022-11-13,7.0,7.0,7.0,7.0,50.0
NURANI,2022-11-10,7.0,7.0,7.0,7.0,508.0
NURANI,2022-11-10,7.0,7.0,7.0,7.0,508.0
NURANI,2022-11-09,7.0,7.0,7.0,7.0,10.0
NURANI,2022-11-09,7.0,7.0,7.0,7.0,10.0
NURANI,2022-11-08,7.0,7.0,7.0,7.0,620.0
NURANI,2022-11-08,7.0,7.0,7.0,7.0,620.0
NURANI,2022-11-07,7.0,7.0,7.0,7.0,5.0
NURANI,2022-11-07,7.0,7.0,7.0,7.0,5.0
NURANI,2022-11-06,7.0,7.0,7.0,7.0,200.0
NURANI,2022-11-06,7.0,7.0,7.0,7.0,200.0
NURANI,2022-11-05,7.0,7.0,6.9,6.9,181761.0
NURANI,2022-11-04,7.0,7.1,7.0,7.0,117207.0
NURANI,2022-11-03,7.0,7.0,7.0,7.0,1306.0
NURANI,2022-11-03,7.0,7.0,7.0,7.0,1306.0
NURANI,2022-11-02,7.0,7.0,7.0,7.0,701.0
NURANI,2022-11-02,7.0,7.0,7.0,7.0,701.0
NURANI,2022-11-01,7.0,7.0,7.0,7.0,1.0
NURANI,2022-11-01,7.5,7.5,7.1,7.3,414183.0
NURANI,2022-11-01,7.0,7.0,7.0,7.0,1.0
NURANI,2022-10-30,7.0,7.0,7.0,7.0,500.0
NURANI,2022-10-30,7.0,7.0,7.0,7.0,500.0
NURANI,2022-10-27,7.0,7.0,7.0,7.0,5.0
NURANI,2022-10-27,7.0,7.0,7.0,7.0,5.0
NURANI,2022-10-26,7.0,7.0,7.0,7.0,50.0
NURANI,2022-10-26,7.0,7.0,7.0,7.0,50.0
NURANI,2022-10-25,7.0,7.0,7.0,7.0,601.0
NURANI,2022-10-25,7.0,7.0,7.0,7.0,601.0
NURANI,2022-10-23,7.0,7.0,7.0,7.0,14706.0
NURANI,2022-10-23,7.0,7.0,7.0,7.0,14706.0
NURANI,2022-10-20,7.0,7.0,7.0,7.0,2200.0
NURANI,2022-10-20,7.0,7.0,7.0,7.0,2200.0
NURANI,2022-10-19,7.0,7.0,7.0,7.0,2100.0
NURANI,2022-10-19,7.0,7.0,7.0,7.0,2100.0
NURANI,2022-10-18,7.0,7.0,7.0,7.0,5000.0
NURANI,2022-10-18,7.0,7.0,7.0,7.0,5000.0
NURANI,2022-10-17,7.0,7.0,7.0,7.0,500.0
NURANI,2022-10-17,7.0,7.0,7.0,7.0,500.0
NURANI,2022-10-16,7.0,7.0,7.0,7.0,1011.0
NURANI,2022-10-16,7.0,7.0,7.0,7.0,1011.0
NURANI,2022-10-13,7.0,7.0,7.0,7.0,3995.0
NURANI,2022-10-13,7.0,7.0,7.0,7.0,3995.0
NURANI,2022-10-12,7.0,7.0,7.0,7.0,16.0
NURANI,2022-10-12,7.0,7.0,7.0,7.0,16.0
NURANI,2022-10-11,7.0,7.0,7.0,7.0,1100.0
NURANI,2022-10-11,7.0,7.0,7.0,7.0,1100.0
NURANI,2022-10-10,7.0,7.0,7.0,7.0,23572.0
NURANI,2022-10-10,7.0,7.0,7.0,7.0,23572.0
NURANI,2022-10-06,7.0,7.0,7.0,7.0,33400.0
NURANI,2022-10-06,7.0,7.0,7.0,7.0,33400.0
NURANI,2022-10-05,7.0,7.3,7.0,7.0,606867.0
NURANI,2022-10-04,7.0,7.0,7.0,7.0,689.0
NURANI,2022-10-04,7.0,7.0,7.0,7.0,689.0
NURANI,2022-10-04,7.0,7.1,7.0,7.0,83704.0
NURANI,2022-10-03,7.2,7.4,7.2,7.2,794393.0
NURANI,2022-10-03,7.0,7.0,7.0,7.0,231107.0
NURANI,2022-10-03,7.0,7.0,7.0,7.0,231107.0
NURANI,2022-10-02,7.0,7.0,7.0,7.0,18702.0
NURANI,2022-10-02,7.3,7.3,7.2,7.3,331122.0
NURANI,2022-10-02,7.0,7.0,7.0,7.0,18702.0
NURANI,2022-10-01,7.4,7.6,7.3,7.5,269139.0
NURANI,2022-09-29,7.0,7.0,7.0,7.0,2020.0
NURANI,2022-09-29,7.0,7.0,7.0,7.0,2020.0
NURANI,2022-09-28,7.0,7.0,7.0,7.0,3550.0
NURANI,2022-09-28,7.0,7.0,7.0,7.0,3550.0
NURANI,2022-09-27,7.0,7.0,7.0,7.0,56513.0
NURANI,2022-09-27,7.0,7.0,7.0,7.0,56513.0
NURANI,2022-09-26,7.0,7.0,7.0,7.0,11413.0
NURANI,2022-09-26,7.0,7.0,7.0,7.0,11413.0
NURANI,2022-09-25,7.0,7.0,7.0,7.0,14120.0
NURANI,2022-09-25,7.0,7.0,7.0,7.0,14120.0
NURANI,2022-09-22,7.0,7.0,7.0,7.0,34901.0
NURANI,2022-09-22,7.0,7.0,7.0,7.0,34901.0
NURANI,2022-09-21,7.0,7.0,7.0,7.0,33803.0
NURANI,2022-09-21,7.0,7.0,7.0,7.0,33803.0
NURANI,2022-09-20,7.0,7.0,7.0,7.0,53869.0
NURANI,2022-09-20,7.0,7.0,7.0,7.0,53869.0
NURANI,2022-09-19,7.0,7.0,7.0,7.0,54660.0
NURANI,2022-09-19,7.0,7.0,7.0,7.0,54660.0
NURANI,2022-09-18,7.0,7.0,7.0,7.0,37637.0
NURANI,2022-09-18,7.0,7.0,7.0,7.0,37637.0
NURANI,2022-09-15,7.0,7.0,7.0,7.0,66842.0
NURANI,2022-09-15,7.0,7.0,7.0,7.0,66842.0
NURANI,2022-09-14,7.0,7.0,7.0,7.0,130862.0
NURANI,2022-09-14,7.0,7.0,7.0,7.0,130862.0
NURANI,2022-09-13,7.0,7.1,7.0,7.0,185087.0
NURANI,2022-09-13,7.0,7.1,7.0,7.0,185087.0
NURANI,2022-09-12,7.0,7.1,7.0,7.0,278595.0
NURANI,2022-09-12,7.0,7.1,7.0,7.0,278595.0
NURANI,2022-09-11,7.1,7.1,7.0,7.0,763741.0
NURANI,2022-09-11,7.1,7.1,7.0,7.0,763741.0
NURANI,2022-09-08,7.2,7.3,7.1,7.2,451909.0
NURANI,2022-09-08,7.2,7.3,7.1,7.2,451909.0
NURANI,2022-09-07,7.1,7.3,7.1,7.1,930824.0
NURANI,2022-09-07,7.1,7.3,7.1,7.1,930824.0
NURANI,2022-09-06,7.1,7.2,7.1,7.1,390695.0
NURANI,2022-09-06,6.8,6.9,6.7,6.8,215279.0
NURANI,2022-09-06,7.1,7.2,7.1,7.1,390695.0
NURANI,2022-09-05,7.3,7.4,7.1,7.1,738998.0
NURANI,2022-09-05,7.3,7.4,7.1,7.1,738998.0
NURANI,2022-09-05,6.9,7.1,6.9,7.1,276098.0
NURANI,2022-09-04,7.5,7.5,7.1,7.2,660242.0
NURANI,2022-09-04,7.5,7.5,7.1,7.2,660242.0
NURANI,2022-09-03,7.2,7.3,7.1,7.2,603738.0
NURANI,2022-09-02,7.2,7.4,7.2,7.3,404069.0
NURANI,2022-09-01,7.6,7.6,7.2,7.3,922313.0
NURANI,2022-09-01,7.6,7.6,7.2,7.3,922313.0
NURANI,2022-09-01,7.7,7.7,7.4,7.4,265661.0
NURANI,2022-08-31,7.5,7.8,7.4,7.6,2531647.0
NURANI,2022-08-31,7.5,7.8,7.4,7.6,2531647.0
NURANI,2022-08-30,7.1,7.3,7.1,7.3,1179553.0
NURANI,2022-08-30,7.1,7.3,7.1,7.3,1179553.0
NURANI,2022-08-29,7.2,7.2,7.0,7.1,829751.0
NURANI,2022-08-29,7.2,7.2,7.0,7.1,829751.0
NURANI,2022-08-28,7.3,7.3,7.1,7.1,941854.0
NURANI,2022-08-28,7.3,7.3,7.1,7.1,941854.0
NURANI,2022-08-25,7.1,7.3,7.1,7.1,776412.0
NURANI,2022-08-25,7.1,7.3,7.1,7.1,776412.0
NURANI,2022-08-24,7.2,7.3,7.1,7.1,378377.0
NURANI,2022-08-24,7.2,7.3,7.1,7.1,378377.0
NURANI,2022-08-23,7.1,7.4,7.0,7.2,1037022.0
NURANI,2022-08-23,7.1,7.4,7.0,7.2,1037022.0
NURANI,2022-08-22,7.1,7.2,7.0,7.0,583984.0
NURANI,2022-08-22,7.1,7.2,7.0,7.0,583984.0
NURANI,2022-08-21,7.2,7.3,7.1,7.1,505157.0
NURANI,2022-08-21,7.2,7.3,7.1,7.1,505157.0
NURANI,2022-08-17,7.4,7.4,7.1,7.2,665528.0
NURANI,2022-08-17,7.4,7.4,7.1,7.2,665528.0
NURANI,2022-08-16,7.3,7.4,7.2,7.3,526382.0
NURANI,2022-08-16,7.3,7.4,7.2,7.3,526382.0
NURANI,2022-08-14,7.3,7.3,7.1,7.2,410484.0
NURANI,2022-08-14,7.3,7.3,7.1,7.2,410484.0
NURANI,2022-08-11,7.1,7.4,7.1,7.2,396570.0
NURANI,2022-08-11,7.1,7.4,7.1,7.2,396570.0
NURANI,2022-08-10,7.3,7.4,7.1,7.2,586521.0
NURANI,2022-08-10,7.3,7.4,7.1,7.2,586521.0
NURANI,2022-08-08,7.7,8.0,7.3,7.4,2187407.0
NURANI,2022-08-08,7.7,8.0,7.3,7.4,2187407.0
NURANI,2022-08-07,7.2,7.6,7.2,7.6,1668640.0
NURANI,2022-08-07,7.2,7.6,7.2,7.6,1668640.0
NURANI,2022-08-06,6.7,6.8,6.6,6.8,167031.0
NURANI,2022-08-05,6.7,6.9,6.7,6.8,149674.0
NURANI,2022-08-04,7.1,7.3,7.0,7.2,942320.0
NURANI,2022-08-04,7.1,7.3,7.0,7.2,942320.0
NURANI,2022-08-03,7.3,7.3,7.0,7.1,953291.0
NURANI,2022-08-03,7.1,7.2,6.8,7.1,826357.0
NURANI,2022-08-03,7.3,7.3,7.0,7.1,953291.0
NURANI,2022-08-02,7.1,7.3,7.1,7.1,513312.0
NURANI,2022-08-02,7.3,7.3,7.1,7.2,439734.0
NURANI,2022-08-02,7.1,7.3,7.1,7.1,513312.0
NURANI,2022-08-01,7.0,7.3,7.0,7.0,1254648.0
NURANI,2022-08-01,7.0,7.3,7.0,7.0,1254648.0
NURANI,2022-07-31,7.0,7.0,7.0,7.0,202050.0
NURANI,2022-07-31,7.0,7.0,7.0,7.0,202050.0
NURANI,2022-07-28,6.8,6.8,6.8,6.8,163380.0
NURANI,2022-07-28,6.8,6.8,6.8,6.8,163380.0
NURANI,2022-07-27,6.9,7.0,6.9,6.9,721609.0
NURANI,2022-07-27,6.9,7.0,6.9,6.9,721609.0
NURANI,2022-07-26,7.5,7.5,7.0,7.0,1327855.0
NURANI,2022-07-26,7.5,7.5,7.0,7.0,1327855.0
NURANI,2022-07-25,7.1,7.3,7.1,7.1,831964.0
NURANI,2022-07-25,7.1,7.3,7.1,7.1,831964.0
NURANI,2022-07-24,7.2,7.2,7.2,7.2,18653.0
NURANI,2022-07-24,7.2,7.2,7.2,7.2,18653.0
NURANI,2022-07-21,7.3,7.3,7.3,7.3,23835.0
NURANI,2022-07-21,7.3,7.3,7.3,7.3,23835.0
NURANI,2022-07-20,7.4,7.4,7.4,7.4,63570.0
NURANI,2022-07-20,7.4,7.4,7.4,7.4,63570.0
NURANI,2022-07-19,7.5,7.5,7.5,7.5,5965.0
NURANI,2022-07-19,7.5,7.5,7.5,7.5,5965.0
NURANI,2022-07-18,7.6,7.6,7.6,7.6,27199.0
NURANI,2022-07-18,7.6,7.6,7.6,7.6,27199.0
NURANI,2022-07-17,7.7,7.7,7.7,7.7,12757.0
NURANI,2022-07-14,7.8,7.8,7.8,7.8,45115.0
NURANI,2022-07-13,8.1,8.1,7.9,7.9,948331.0
NURANI,2022-07-07,6.9,7.3,6.7,7.3,2304997.0
NURANI,2022-07-06,6.7,6.8,6.6,6.6,135303.0
NURANI,2022-07-04,7.1,7.1,6.9,7.0,193491.0
NURANI,2022-07-03,7.2,7.2,7.0,7.0,558904.0
NURANI,2022-07-02,7.4,7.4,7.2,7.3,298998.0
NURANI,2022-06-30,6.6,6.7,6.5,6.6,460187.0
NURANI,2022-06-29,6.4,6.7,6.4,6.6,285546.0
NURANI,2022-06-28,6.5,6.6,6.4,6.5,195618.0
NURANI,2022-06-27,6.4,6.6,6.3,6.4,243039.0
NURANI,2022-06-26,6.4,6.4,6.3,6.4,77832.0
NURANI,2022-06-23,6.5,6.5,6.4,6.4,117903.0
NURANI,2022-06-22,6.4,6.5,6.3,6.4,256164.0
NURANI,2022-06-21,6.4,6.5,6.4,6.4,75120.0
NURANI,2022-06-20,6.5,6.5,6.4,6.4,217055.0
NURANI,2022-06-19,6.6,6.6,6.5,6.5,198561.0
NURANI,2022-06-16,6.7,6.7,6.5,6.6,113317.0
NURANI,2022-06-15,6.6,6.7,6.5,6.6,584436.0
NURANI,2022-06-14,6.7,6.7,6.6,6.6,135662.0
NURANI,2022-06-13,6.6,6.7,6.6,6.6,183870.0
NURANI,2022-06-07,6.8,6.9,6.7,6.8,220350.0
NURANI,2022-06-06,6.8,6.8,6.7,6.7,330391.0
NURANI,2022-06-04,7.1,7.1,7.0,7.0,132467.0
NURANI,2022-06-03,7.3,7.3,7.1,7.2,482746.0
NURANI,2022-06-02,7.2,7.4,7.2,7.4,279444.0
NURANI,2022-06-01,7.8,7.8,7.5,7.5,314405.0
NURANI,2022-05-31,6.6,6.8,6.6,6.6,265154.0
NURANI,2022-05-30,6.7,6.8,6.6,6.7,150531.0
NURANI,2022-05-29,6.5,6.7,6.4,6.6,158188.0
NURANI,2022-05-26,6.3,6.6,6.2,6.4,184339.0
NURANI,2022-05-25,6.5,6.5,6.3,6.3,190121.0
NURANI,2022-05-24,6.7,6.7,6.4,6.5,191335.0
NURANI,2022-05-23,6.6,6.8,6.5,6.6,344330.0
NURANI,2022-05-22,6.8,6.8,6.3,6.3,238641.0
NURANI,2022-05-19,6.5,6.6,6.3,6.4,319510.0
NURANI,2022-05-18,6.6,6.7,6.5,6.5,262158.0
NURANI,2022-05-17,6.7,6.7,6.5,6.6,362320.0
NURANI,2022-05-16,6.9,6.9,6.6,6.7,312078.0
NURANI,2022-05-07,6.8,7.0,6.7,6.8,684216.0
NURANI,2022-05-06,6.9,6.9,6.7,6.8,192539.0
NURANI,2022-05-05,6.9,6.9,6.7,6.8,73826.0
NURANI,2022-05-04,7.0,7.1,7.0,7.0,179241.0
NURANI,2022-05-01,7.5,7.7,7.4,7.7,454203.0
NURANI,2022-04-28,6.9,7.0,6.9,6.9,140635.0
NURANI,2022-04-27,7.0,7.0,6.8,6.9,127326.0
NURANI,2022-04-26,7.0,7.0,6.9,6.9,54228.0
NURANI,2022-04-25,7.0,7.0,6.9,6.9,133255.0
NURANI,2022-04-24,7.0,7.1,6.9,7.0,152005.0
NURANI,2022-04-21,7.0,7.0,6.8,6.9,381143.0
NURANI,2022-04-20,6.9,6.9,6.8,6.9,69206.0
NURANI,2022-04-19,6.7,6.9,6.6,6.8,211951.0
NURANI,2022-04-18,6.8,6.8,6.7,6.7,280953.0
NURANI,2022-04-17,6.9,7.0,6.8,6.8,156329.0
NURANI,2022-04-13,6.9,7.0,6.9,6.9,71826.0
NURANI,2022-04-07,6.6,6.8,6.5,6.8,742171.0
NURANI,2022-04-04,7.1,7.2,7.0,7.1,205463.0
NURANI,2022-04-01,7.7,7.7,7.4,7.5,280846.0
NURANI,2022-03-31,7.1,7.2,7.1,7.1,229213.0
NURANI,2022-03-30,7.2,7.2,7.1,7.1,122701.0
NURANI,2022-03-29,7.2,7.2,7.1,7.1,237449.0
NURANI,2022-03-28,7.3,7.3,7.1,7.1,343863.0
NURANI,2022-03-27,7.3,7.3,7.1,7.2,283287.0
NURANI,2022-03-24,7.3,7.3,7.1,7.2,414795.0
NURANI,2022-03-23,7.3,7.4,7.2,7.2,210340.0
NURANI,2022-03-22,7.3,7.3,7.2,7.2,318124.0
NURANI,2022-03-21,7.2,7.3,7.1,7.2,234810.0
NURANI,2022-03-20,7.2,7.3,7.1,7.2,397573.0
NURANI,2022-03-16,7.3,7.4,7.2,7.2,571211.0
NURANI,2022-03-15,7.4,7.5,7.3,7.3,590364.0
NURANI,2022-03-14,7.6,7.6,7.4,7.4,824827.0
NURANI,2022-03-13,7.2,7.5,7.2,7.5,943354.0
NURANI,2022-03-07,6.5,6.6,6.5,6.6,149071.0
NURANI,2022-03-04,7.2,7.2,7.1,7.1,144558.0
NURANI,2022-03-03,7.3,7.3,7.1,7.2,724923.0
NURANI,2022-03-02,7.3,7.4,7.2,7.3,183872.0
NURANI,2022-03-01,7.3,7.8,7.2,7.7,698362.0
NURANI,2022-02-28,7.2,7.7,7.2,7.5,1237781.0
NURANI,2022-02-27,7.6,7.6,7.2,7.2,839546.0
NURANI,2022-02-24,7.2,7.8,7.2,7.7,2974760.0
NURANI,2022-02-23,7.1,7.3,7.1,7.1,178663.0
NURANI,2022-02-22,7.0,7.2,7.0,7.1,210783.0
NURANI,2022-02-20,7.1,7.1,7.0,7.0,452398.0
NURANI,2022-02-17,7.1,7.2,7.1,7.2,72828.0
NURANI,2022-02-16,7.2,7.3,7.1,7.2,160767.0
NURANI,2022-02-15,7.2,7.3,7.1,7.2,381728.0
NURANI,2022-02-14,7.3,7.4,7.2,7.3,218346.0
NURANI,2022-02-13,7.3,7.4,7.2,7.3,469105.0
NURANI,2022-02-06,6.8,6.9,6.7,6.8,452957.0
NURANI,2022-02-03,7.3,7.3,7.1,7.2,771719.0
NURANI,2022-02-02,7.2,7.5,7.2,7.3,512255.0
NURANI,2022-02-01,7.2,7.2,7.1,7.2,71621.0
NURANI,2022-01-31,7.2,7.2,7.1,7.1,233615.0
NURANI,2022-01-30,7.3,7.3,7.1,7.2,278410.0
NURANI,2022-01-27,7.3,7.3,7.2,7.2,229573.0
NURANI,2022-01-26,7.3,7.4,7.2,7.3,130193.0
NURANI,2022-01-25,7.3,7.4,7.2,7.3,204869.0
NURANI,2022-01-24,7.3,7.4,7.1,7.2,325303.0
NURANI,2022-01-23,7.6,7.6,7.3,7.3,202393.0
NURANI,2022-01-20,7.5,7.7,7.4,7.6,837812.0
NURANI,2022-01-19,7.4,7.5,7.2,7.3,378356.0
NURANI,2022-01-18,7.3,7.5,7.2,7.3,173786.0
NURANI,2022-01-17,7.3,7.5,7.3,7.3,148084.0
NURANI,2022-01-16,7.3,7.4,7.2,7.3,149924.0
NURANI,2022-01-13,7.4,7.4,7.2,7.2,242683.0
NURANI,2022-01-06,6.7,6.8,6.6,6.7,222288.0
NURANI,2022-01-03,7.4,7.6,7.3,7.4,866897.0
NURANI,2022-01-02,7.2,7.2,7.1,7.2,196371.0
NURANI,2021-12-30,7.0,7.2,7.0,7.1,46872.0
NURANI,2021-12-29,7.1,7.2,7.0,7.1,133784.0
NURANI,2021-12-28,7.0,7.2,6.9,7.1,196929.0
NURANI,2021-12-27,7.0,7.1,6.9,7.0,166510.0
NURANI,2021-12-26,7.0,7.1,6.8,6.9,232505.0
NURANI,2021-12-23,7.2,7.2,7.0,7.0,81780.0
NURANI,2021-12-22,7.1,7.2,7.0,7.1,76326.0
NURANI,2021-12-21,7.2,7.2,7.0,7.1,167920.0
NURANI,2021-12-20,7.1,7.2,7.0,7.0,149420.0
NURANI,2021-12-19,7.2,7.3,7.1,7.1,150634.0
NURANI,2021-12-15,7.2,7.4,7.1,7.2,144019.0
NURANI,2021-12-14,7.4,7.5,7.2,7.2,259515.0
NURANI,2021-12-13,7.6,7.6,7.3,7.4,143573.0
NURANI,2021-12-12,8.0,8.0,7.5,7.5,200941.0
NURANI,2021-12-10,8.8,9.0,8.6,8.7,483689.0
NURANI,2021-12-09,10.4,10.4,9.8,9.9,1719685.0
NURANI,2021-12-08,10.3,10.8,10.3,10.8,4352400.0
NURANI,2021-12-07,9.9,10.5,9.8,10.3,3186856.0
NURANI,2021-12-05,6.5,7.1,6.4,7.0,1404210.0
NURANI,2021-12-04,6.8,6.8,6.8,6.8,5692.0
NURANI,2021-12-01,7.8,7.9,7.7,7.9,1242283.0
NURANI,2021-11-30,7.1,7.1,6.8,6.9,193770.0
NURANI,2021-11-29,7.0,7.1,6.9,7.0,251549.0
NURANI,2021-11-28,7.1,7.2,6.8,6.9,387303.0
NURANI,2021-11-25,7.3,7.3,7.0,7.2,284351.0
NURANI,2021-11-24,7.2,7.4,7.1,7.2,221779.0
NURANI,2021-11-23,7.5,7.5,7.1,7.2,395100.0
NURANI,2021-11-22,7.4,7.5,7.3,7.3,182495.0
NURANI,2021-11-21,7.5,7.5,7.3,7.5,272799.0
NURANI,2021-11-18,7.4,7.6,7.3,7.5,332367.0
NURANI,2021-11-17,7.6,7.6,7.3,7.3,226541.0
NURANI,2021-11-16,7.7,7.7,7.3,7.4,420827.0
NURANI,2021-11-15,7.8,7.8,7.3,7.6,308003.0
NURANI,2021-11-14,8.0,8.0,7.6,7.7,252908.0
NURANI,2021-11-11,8.1,8.1,7.8,7.8,376842.0
NURANI,2021-11-10,9.1,9.2,8.8,8.8,805178.0
NURANI,2021-11-08,9.6,10.1,9.6,9.9,8989942.0
NURANI,2021-11-05,6.5,6.7,6.3,6.5,1480223.0
NURANI,2021-11-04,6.9,6.9,6.9,6.9,510.0
NURANI,2021-11-03,7.7,7.7,7.7,7.7,5030.0
NURANI,2021-11-02,7.7,7.7,7.7,7.7,51.0
NURANI,2021-11-01,7.9,8.0,7.7,7.8,1334656.0
NURANI,2021-10-31,8.6,8.6,8.1,8.1,459441.0
NURANI,2021-10-28,8.4,8.5,7.7,8.5,919085.0
NURANI,2021-10-27,8.0,8.4,7.9,8.4,1848087.0
NURANI,2021-10-26,7.2,7.7,7.0,7.7,637281.0
NURANI,2021-10-25,7.4,7.4,6.8,7.0,957307.0
NURANI,2021-10-24,8.0,8.0,7.5,7.5,566845.0
NURANI,2021-10-21,8.0,8.0,7.8,7.9,363496.0
NURANI,2021-10-19,8.1,8.2,7.7,7.8,568959.0
NURANI,2021-10-18,8.3,8.4,7.9,8.0,806431.0
NURANI,2021-10-17,8.3,8.5,8.2,8.3,480801.0
NURANI,2021-10-14,8.5,8.6,8.3,8.3,788686.0
NURANI,2021-10-13,9.0,9.0,8.3,8.5,339857.0
NURANI,2021-10-11,7.9,8.1,7.8,8.0,341947.0
NURANI,2021-10-10,8.9,9.2,8.9,9.1,811143.0
NURANI,2021-10-08,11.0,11.2,10.5,10.6,7176787.0
NURANI,2021-10-06,8.5,8.9,8.3,8.9,4778439.0
NURANI,2021-10-03,7.7,7.7,7.7,7.7,10.0
NURANI,2021-10-02,7.7,7.7,7.7,7.7,7135.0
NURANI,2021-10-01,8.1,8.3,7.8,7.9,2034403.0
NURANI,2021-09-30,9.7,9.7,9.3,9.5,2261796.0
NURANI,2021-09-29,9.9,10.1,9.9,9.9,1107829.0
NURANI,2021-09-28,10.0,10.1,9.8,9.9,1446035.0
NURANI,2021-09-27,10.1,10.3,9.8,9.8,1322791.0
NURANI,2021-09-26,9.8,10.3,9.8,10.0,2849601.0
NURANI,2021-09-23,10.1,10.1,9.6,9.7,940016.0
NURANI,2021-09-22,9.9,10.2,9.8,9.9,1419642.0
NURANI,2021-09-21,9.6,9.9,9.5,9.8,962716.0
NURANI,2021-09-20,9.1,9.7,8.9,9.6,1226539.0
NURANI,2021-09-19,9.5,9.5,8.9,9.0,1424774.0
NURANI,2021-09-16,9.8,9.8,9.3,9.4,1404820.0
NURANI,2021-09-15,10.0,10.0,9.7,9.7,701884.0
NURANI,2021-09-14,10.2,10.3,9.8,9.9,680084.0
NURANI,2021-09-13,10.0,10.2,9.9,10.0,1022015.0
NURANI,2021-09-12,7.7,8.0,7.7,7.7,372128.0
NURANI,2021-09-11,8.0,8.0,7.8,7.9,210563.0
NURANI,2021-09-09,10.5,10.6,10.1,10.3,1334942.0
NURANI,2021-09-08,10.3,11.2,10.1,11.2,8971704.0
NURANI,2021-09-06,7.5,8.1,7.4,8.1,4558010.0
NURANI,2021-09-05,6.0,6.4,5.9,6.4,1580969.0
NURANI,2021-09-03,7.7,7.7,7.7,7.7,4015.0
NURANI,2021-09-02,7.7,7.7,7.7,7.7,6784.0
NURANI,2021-08-31,10.7,11.1,10.6,11.0,1808317.0
NURANI,2021-08-29,10.9,10.9,10.6,10.7,1217241.0
NURANI,2021-08-26,11.0,11.1,10.8,10.9,1993661.0
NURANI,2021-08-25,11.3,11.3,10.9,11.0,2791382.0
NURANI,2021-08-24,11.1,11.4,11.1,11.2,3223168.0
NURANI,2021-08-23,11.3,11.3,11.0,11.1,3293673.0
NURANI,2021-08-22,11.2,11.5,11.2,11.3,4212749.0
NURANI,2021-08-19,11.0,11.2,10.8,11.0,3252900.0
NURANI,2021-08-18,11.0,11.5,10.9,11.0,4675360.0
NURANI,2021-08-17,11.8,11.8,10.8,11.0,6291650.0
NURANI,2021-08-16,11.0,11.7,10.9,11.7,10482215.0
NURANI,2021-08-12,7.6,8.2,7.6,7.7,508986.0
NURANI,2021-08-11,8.0,8.0,7.7,7.8,399982.0
NURANI,2021-08-09,10.7,10.7,10.5,10.5,1099417.0
NURANI,2021-08-07,9.9,10.1,9.5,9.9,3256390.0
NURANI,2021-08-06,7.3,7.5,7.2,7.4,1408062.0
NURANI,2021-08-04,7.0,7.0,7.0,7.0,22424.0
NURANI,2021-08-03,7.7,7.7,7.7,7.7,1.0
NURANI,2021-08-02,7.7,7.7,7.7,7.7,201.0
NURANI,2021-07-29,9.7,9.8,9.5,9.7,1375304.0
NURANI,2021-07-28,9.9,9.9,9.5,9.6,688408.0
NURANI,2021-07-27,9.5,9.9,9.5,9.7,1204190.0
NURANI,2021-07-26,9.4,9.6,9.3,9.5,1167041.0
NURANI,2021-07-25,9.8,9.9,9.3,9.4,1161362.0
NURANI,2021-07-19,9.8,10.0,9.7,9.8,1511040.0
NURANI,2021-07-18,10.2,10.2,9.7,9.8,1971804.0
NURANI,2021-07-15,10.0,10.2,9.8,10.1,1975368.0
NURANI,2021-07-14,10.1,10.2,9.8,9.9,2103899.0
NURANI,2021-07-13,10.4,10.6,10.1,10.1,3184257.0
NURANI,2021-07-12,7.5,8.0,7.3,7.8,435408.0
NURANI,2021-07-11,7.9,8.0,7.8,7.9,237266.0
NURANI,2021-07-10,8.6,8.9,8.2,8.7,1091656.0
NURANI,2021-07-09,10.9,11.0,10.6,10.6,1551037.0
NURANI,2021-07-07,10.6,10.6,9.9,10.0,3885682.0
NURANI,2021-07-06,7.6,7.6,7.3,7.3,1543079.0
NURANI,2021-07-04,7.7,7.7,7.7,7.7,1000.0
NURANI,2021-07-03,7.7,7.7,7.7,7.7,6065.0
NURANI,2021-07-02,7.7,7.7,7.7,7.7,153.0
NURANI,2021-07-01,7.7,8.0,7.7,8.0,3079966.0
NURANI,2021-06-30,8.7,9.0,8.7,8.9,1432329.0
NURANI,2021-06-29,8.8,8.9,8.6,8.6,1204618.0
NURANI,2021-06-28,9.1,9.2,8.7,8.8,2262454.0
NURANI,2021-06-27,8.5,9.3,8.4,8.9,3913223.0
NURANI,2021-06-24,8.5,8.9,8.2,8.8,2001476.0
NURANI,2021-06-23,9.1,9.2,8.5,8.6,3108417.0
NURANI,2021-06-22,8.8,9.3,8.6,9.1,4917624.0
NURANI,2021-06-21,8.2,8.7,8.2,8.6,1829900.0
NURANI,2021-06-20,8.1,8.3,8.0,8.1,2844342.0
NURANI,2021-06-17,8.8,8.8,8.8,8.8,176902.0
NURANI,2021-06-16,9.0,9.0,8.9,8.9,1192383.0
NURANI,2021-06-15,9.0,9.1,9.0,9.0,3685829.0
NURANI,2021-06-14,9.2,9.3,9.1,9.1,618445.0
NURANI,2021-06-13,9.3,9.5,9.0,9.2,6522086.0
NURANI,2021-06-12,7.0,7.5,7.0,7.3,421125.0
NURANI,2021-06-10,9.0,9.0,8.6,8.6,1274635.0
NURANI,2021-06-09,10.8,10.9,10.5,10.8,1808389.0
NURANI,2021-06-07,10.1,10.6,10.0,10.6,9374652.0
NURANI,2021-06-06,7.1,7.6,7.0,7.4,3732288.0
NURANI,2021-06-05,5.9,6.0,5.7,5.9,1386501.0
NURANI,2021-06-04,7.7,7.7,7.7,7.7,1.0
NURANI,2021-06-01,7.7,7.7,7.7,7.7,75971.0
NURANI,2021-05-31,6.9,6.9,6.8,6.8,699918.0
NURANI,2021-05-30,7.1,7.1,6.9,6.9,1083742.0
NURANI,2021-05-27,7.0,7.1,6.9,7.0,1344292.0
NURANI,2021-05-25,7.1,7.2,7.0,7.0,803001.0
NURANI,2021-05-24,7.1,7.4,7.1,7.1,2417028.0
NURANI,2021-05-23,7.2,7.2,7.2,7.2,40289.0
NURANI,2021-05-20,7.3,7.3,7.3,7.3,14685.0
NURANI,2021-05-19,7.4,7.4,7.4,7.4,503427.0
NURANI,2021-05-18,7.5,7.5,7.5,7.5,149927.0
NURANI,2021-05-17,7.9,8.0,7.6,7.6,808772.0
NURANI,2021-05-16,7.2,7.7,7.0,7.7,2169674.0
NURANI,2021-05-12,7.0,7.1,6.9,7.0,209482.0
NURANI,2021-05-10,9.1,9.2,8.8,8.9,944557.0
NURANI,2021-05-09,10.8,11.0,10.6,10.6,1388319.0
NURANI,2021-05-08,10.1,10.5,10.0,10.2,4564089.0
NURANI,2021-05-07,9.0,9.7,9.0,9.7,4326257.0
NURANI,2021-05-05,5.8,6.1,5.8,5.8,1017270.0
NURANI,2021-05-04,7.7,7.7,7.7,7.7,1272.0
NURANI,2021-05-01,7.7,7.7,7.7,7.7,560075.0
NURANI,2021-04-29,5.6,5.7,5.6,5.6,382846.0
NURANI,2021-04-28,5.7,5.7,5.7,5.7,27710.0
NURANI,2021-04-27,5.8,5.9,5.8,5.8,148719.0
NURANI,2021-04-26,6.0,6.0,5.9,5.9,580158.0
NURANI,2021-04-25,6.0,6.2,6.0,6.0,919452.0
NURANI,2021-04-22,6.1,6.1,6.1,6.1,30590.0
NURANI,2021-04-21,6.2,6.2,6.2,6.2,58824.0
NURANI,2021-04-20,6.3,6.3,6.3,6.3,6827.0
NURANI,2021-04-19,6.4,6.4,6.4,6.4,30860.0
NURANI,2021-04-18,6.5,6.5,6.5,6.5,16839.0
NURANI,2021-04-15,6.6,6.6,6.6,6.6,5243.0
NURANI,2021-04-13,6.7,6.7,6.7,6.7,31131.0
NURANI,2021-04-11,8.1,8.3,7.8,7.9,516677.0
NURANI,2021-04-10,9.3,9.4,8.9,9.0,1479847.0
NURANI,2021-04-05,5.9,5.9,5.9,5.9,58230.0
NURANI,2021-04-04,7.7,7.7,7.7,7.7,95.0
NURANI,2021-04-03,7.7,7.7,7.7,7.7,6300.0
NURANI,2021-04-02,7.7,7.7,7.7,7.7,4547.0
NURANI,2021-04-01,7.7,7.8,7.7,7.7,1104119.0
NURANI,2021-03-31,7.7,7.7,7.7,7.7,2.0
NURANI,2021-03-29,7.7,7.7,7.7,7.7,38.0
NURANI,2021-03-28,7.7,7.7,7.7,7.7,3860.0
NURANI,2021-03-25,7.7,7.7,7.7,7.7,200.0
NURANI,2021-03-24,7.7,7.7,7.7,7.7,1211.0
NURANI,2021-03-23,7.7,7.7,7.7,7.7,514.0
NURANI,2021-03-22,7.7,7.7,7.7,7.7,5001.0
NURANI,2021-03-21,7.7,7.7,7.7,7.7,400.0
NURANI,2021-03-18,7.7,7.7,7.7,7.7,2100.0
NURANI,2021-03-16,7.7,7.7,7.7,7.7,2295.0
NURANI,2021-03-15,7.7,7.7,7.7,7.7,1000.0
NURANI,2021-03-14,7.7,7.7,7.7,7.7,5.0
NURANI,2021-03-11,8.4,8.5,8.0,8.1,402127.0
NURANI,2021-03-10,9.5,9.7,9.2,9.3,1285169.0
NURANI,2021-03-08,10.5,10.5,10.0,10.1,2798670.0
NURANI,2021-03-06,7.0,7.3,6.9,7.0,1347909.0
NURANI,2021-03-05,6.2,6.2,6.0,6.0,335503.0
NURANI,2021-03-03,7.7,7.7,7.7,7.7,2223.0
NURANI,2021-03-02,7.7,7.7,7.7,7.7,53100.0
NURANI,2021-03-01,7.7,7.8,7.7,7.7,1488599.0
NURANI,2021-02-28,7.7,7.7,7.7,7.7,580.0
NURANI,2021-02-25,7.7,7.7,7.7,7.7,1000.0
NURANI,2021-02-24,7.7,7.7,7.7,7.7,115.0
NURANI,2021-02-23,7.7,7.7,7.7,7.7,4846.0
NURANI,2021-02-22,7.7,7.7,7.7,7.7,1990.0
NURANI,2021-02-18,7.7,7.7,7.7,7.7,500.0
NURANI,2021-02-17,7.7,7.7,7.7,7.7,5750.0
NURANI,2021-02-16,7.7,7.7,7.7,7.7,3178.0
NURANI,2021-02-15,7.7,7.7,7.7,7.7,217.0
NURANI,2021-02-14,7.7,7.7,7.7,7.7,1616.0
NURANI,2021-02-12,7.0,7.1,6.9,7.0,187348.0
NURANI,2021-02-11,8.1,8.6,8.1,8.3,836637.0
NURANI,2021-02-09,10.8,11.0,10.6,10.7,1262496.0
NURANI,2021-02-08,9.9,10.4,9.9,10.3,3890739.0
NURANI,2021-02-06,6.7,7.2,6.6,7.0,1989123.0
NURANI,2021-02-05,5.6,6.1,5.6,6.1,466519.0
NURANI,2021-02-03,7.7,7.7,7.7,7.7,1.0
NURANI,2021-02-02,7.7,7.7,7.7,7.7,16800.0
NURANI,2021-01-31,7.7,7.7,7.7,7.7,2001.0
NURANI,2021-01-28,7.7,7.7,7.7,7.7,238.0
NURANI,2021-01-27,7.7,7.7,7.7,7.7,2022.0
NURANI,2021-01-26,7.7,7.7,7.7,7.7,4027.0
NURANI,2021-01-25,7.7,7.7,7.7,7.7,33132.0
NURANI,2021-01-24,7.7,7.7,7.7,7.7,2484.0
NURANI,2021-01-21,7.7,7.7,7.7,7.7,11988.0
NURANI,2021-01-20,7.7,7.7,7.7,7.7,17575.0
NURANI,2021-01-19,7.7,7.7,7.7,7.7,26241.0
NURANI,2021-01-18,7.7,7.7,7.7,7.7,218895.0
NURANI,2021-01-17,7.7,7.8,7.7,7.7,318324.0
NURANI,2021-01-14,7.8,7.9,7.7,7.7,1563011.0
NURANI,2021-01-13,7.8,8.0,7.7,7.8,1371705.0
NURANI,2021-01-12,7.0,7.1,6.9,7.0,283433.0
NURANI,2021-01-11,8.2,8.2,7.8,8.0,477665.0
NURANI,2021-01-09,11.0,11.1,10.8,10.8,1663066.0
NURANI,2021-01-06,6.7,6.9,6.7,6.7,624855.0
NURANI,2021-01-03,7.7,7.7,7.7,7.7,1054.0
NURANI,2021-01-02,7.7,7.7,7.7,7.7,6505.0
NURANI,2020-12-30,7.7,7.8,7.7,7.7,706310.0
NURANI,2020-12-29,7.7,7.8,7.7,7.7,1752925.0
NURANI,2020-12-28,7.7,7.7,7.7,7.7,139266.0
NURANI,2020-12-27,7.7,7.7,7.7,7.7,244115.0
NURANI,2020-12-24,7.7,7.7,7.7,7.7,6385.0
NURANI,2020-12-23,7.7,7.7,7.7,7.7,102.0
NURANI,2020-12-22,7.7,7.7,7.7,7.7,8838.0
NURANI,2020-12-21,7.7,7.7,7.7,7.7,22032.0
NURANI,2020-12-20,7.7,7.7,7.7,7.7,21646.0
NURANI,2020-12-17,7.7,7.7,7.7,7.7,98225.0
NURANI,2020-12-15,7.7,7.8,7.7,7.7,581685.0
NURANI,2020-12-14,7.9,8.0,7.7,7.7,845072.0
NURANI,2020-12-13,7.7,8.1,7.7,7.9,4089454.0
NURANI,2020-12-11,7.9,8.0,7.8,7.9,903552.0
NURANI,2020-12-10,7.7,7.9,7.7,7.7,576247.0
NURANI,2020-12-08,7.9,8.0,7.8,7.9,701821.0
NURANI,2020-12-07,7.7,7.7,7.7,7.7,11347.0
NURANI,2020-12-03,8.8,8.8,8.1,8.2,1120831.0
NURANI,2020-12-02,7.9,8.1,7.8,8.0,1058280.0
NURANI,2020-12-01,8.2,8.4,8.2,8.3,197058.0
NURANI,2020-11-30,7.7,7.7,7.7,7.7,5050.0
NURANI,2020-11-29,7.7,7.7,7.7,7.7,3948.0
NURANI,2020-11-26,7.7,7.7,7.7,7.7,3600.0
NURANI,2020-11-25,7.7,7.7,7.7,7.7,6619.0
NURANI,2020-11-24,7.7,7.7,7.7,7.7,2996.0
NURANI,2020-11-23,7.7,7.7,7.7,7.7,25460.0
NURANI,2020-11-22,7.7,7.7,7.7,7.7,5140.0
NURANI,2020-11-19,7.7,7.7,7.7,7.7,13141.0
NURANI,2020-11-18,7.7,7.7,7.7,7.7,57806.0
NURANI,2020-11-16,7.9,8.0,7.8,8.0,549832.0
NURANI,2020-11-15,7.9,7.9,7.8,7.9,599155.0
NURANI,2020-11-11,7.9,8.0,7.8,7.9,778374.0
NURANI,2020-11-10,7.9,7.9,7.7,7.8,809232.0
NURANI,2020-11-03,8.7,9.0,8.5,8.7,1467272.0
NURANI,2020-11-02,7.7,8.0,7.7,7.9,798558.0
NURANI,2020-10-29,7.7,8.1,7.7,7.9,1830978.0
NURANI,2020-10-28,7.7,7.7,7.7,7.7,6966.0
NURANI,2020-10-27,7.7,7.7,7.7,7.7,36501.0
NURANI,2020-10-25,7.7,7.7,7.7,7.7,45130.0
NURANI,2020-10-22,7.7,7.7,7.7,7.7,52145.0
NURANI,2020-10-21,7.8,7.8,7.7,7.7,479347.0
NURANI,2020-10-20,7.7,7.8,7.7,7.7,496500.0
NURANI,2020-10-19,7.7,7.7,7.7,7.7,157003.0
NURANI,2020-10-18,7.7,7.8,7.7,7.7,294738.0
NURANI,2020-10-15,7.8,7.8,7.7,7.7,550889.0
NURANI,2020-10-14,7.8,7.9,7.7,7.7,651334.0
NURANI,2020-10-13,7.8,7.8,7.7,7.8,633312.0
NURANI,2020-10-12,7.7,7.7,7.7,7.7,39883.0
NURANI,2020-10-11,8.0,8.1,7.8,7.9,482867.0
NURANI,2020-10-09,8.2,8.3,8.1,8.1,950889.0
NURANI,2020-10-08,8.2,8.2,7.8,7.8,955350.0
NURANI,2020-10-03,8.1,8.7,7.9,8.6,810912.0
NURANI,2020-10-02,7.8,7.9,7.6,7.6,320215.0
NURANI,2020-09-30,8.0,8.0,7.8,7.8,873284.0
NURANI,2020-09-29,8.0,8.1,7.9,7.9,1149544.0
NURANI,2020-09-28,8.0,8.0,7.9,7.9,421560.0
NURANI,2020-09-27,8.2,8.3,7.8,7.9,1165353.0
NURANI,2020-09-24,8.1,8.3,8.0,8.1,1007138.0
NURANI,2020-09-23,8.0,8.1,7.9,8.0,551460.0
NURANI,2020-09-22,8.1,8.1,7.9,7.9,920695.0
NURANI,2020-09-21,8.3,8.5,8.1,8.1,761311.0
NURANI,2020-09-20,8.3,8.6,8.2,8.3,1040660.0
NURANI,2020-09-17,8.4,8.5,8.2,8.2,852045.0
NURANI,2020-09-16,8.2,8.5,8.2,8.3,1187550.0
NURANI,2020-09-15,8.5,8.5,8.2,8.2,661728.0
NURANI,2020-09-14,8.5,8.6,8.3,8.4,869169.0
NURANI,2020-09-13,8.1,8.6,8.1,8.4,2370867.0
NURANI,2020-09-12,7.7,7.7,7.7,7.7,13641.0
NURANI,2020-09-11,7.8,8.0,7.8,7.9,529444.0
NURANI,2020-09-09,8.3,8.4,8.1,8.2,977918.0
NURANI,2020-09-08,7.7,8.0,7.7,8.0,1445157.0
NURANI,2020-09-07,7.7,7.7,7.7,7.7,4610.0
NURANI,2020-09-03,8.7,8.7,8.1,8.1,1625792.0
NURANI,2020-09-02,7.8,8.0,7.6,7.7,452215.0
NURANI,2020-09-01,8.2,8.2,7.9,8.1,372117.0
NURANI,2020-08-31,8.2,8.2,8.0,8.0,635142.0
NURANI,2020-08-27,8.0,8.2,8.0,8.1,428923.0
NURANI,2020-08-26,8.2,8.3,8.0,8.1,506821.0
NURANI,2020-08-25,8.3,8.4,8.1,8.2,509251.0
NURANI,2020-08-24,8.5,8.5,8.1,8.2,521669.0
NURANI,2020-08-23,8.2,8.9,8.2,8.4,1499232.0
NURANI,2020-08-20,8.5,8.5,8.0,8.1,1018652.0
NURANI,2020-08-19,8.5,8.6,8.0,8.2,958497.0
NURANI,2020-08-18,8.6,8.6,8.0,8.2,1028095.0
NURANI,2020-08-17,8.8,9.4,8.4,8.6,1879585.0
NURANI,2020-08-16,8.0,8.6,8.0,8.6,2328420.0
NURANI,2020-08-13,8.0,8.0,7.8,7.9,1142286.0
NURANI,2020-08-12,7.7,7.7,7.7,7.7,14552.0
NURANI,2020-08-11,7.9,7.9,7.7,7.7,541029.0
NURANI,2020-08-10,8.2,8.3,7.9,8.0,859397.0
NURANI,2020-08-09,8.1,8.2,8.0,8.2,1258736.0
NURANI,2020-08-07,7.7,7.7,7.7,7.7,550.0
NURANI,2020-08-03,9.4,9.4,8.8,8.9,1743516.0
NURANI,2020-08-01,8.3,8.4,8.0,8.0,290873.0
NURANI,2020-07-30,7.7,7.7,7.7,7.7,550759.0
NURANI,2020-07-29,7.7,7.7,7.7,7.7,2053.0
NURANI,2020-07-28,7.7,7.7,7.7,7.7,6895.0
NURANI,2020-07-26,7.7,7.7,7.7,7.7,21500.0
NURANI,2020-07-23,7.7,7.7,7.7,7.7,8201.0
NURANI,2020-07-22,7.7,7.7,7.7,7.7,4900.0
NURANI,2020-07-21,7.7,7.7,7.7,7.7,3256.0
NURANI,2020-07-16,7.7,7.7,7.7,7.7,2061.0
NURANI,2020-07-15,7.7,7.7,7.7,7.7,2787.0
NURANI,2020-07-14,7.7,7.7,7.7,7.7,1168.0
NURANI,2020-07-13,7.7,7.7,7.7,7.7,2804.0
NURANI,2020-07-12,7.7,7.7,7.7,7.7,18780.0
NURANI,2020-07-10,7.8,8.3,7.8,8.2,1680226.0
NURANI,2020-07-09,8.4,8.4,8.0,8.1,708168.0
NURANI,2020-07-07,7.7,7.7,7.7,7.7,5810.0
NURANI,2020-07-01,8.4,8.4,8.1,8.2,340442.0
NURANI,2020-06-30,7.7,7.7,7.7,7.7,4100.0
NURANI,2020-06-28,7.7,7.7,7.7,7.7,2000.0
NURANI,2020-06-25,7.7,7.7,7.7,7.7,18.0
NURANI,2020-06-24,7.7,7.7,7.7,7.7,1250.0
NURANI,2020-06-23,7.7,7.7,7.7,7.7,450.0
NURANI,2020-06-18,7.7,7.7,7.7,7.7,410.0
NURANI,2020-06-16,7.7,7.7,7.7,7.7,1606.0
NURANI,2020-06-15,7.7,7.7,7.7,7.7,2400.0
NURANI,2020-06-14,7.7,7.7,7.7,7.7,617.0
NURANI,2020-06-12,7.7,7.7,7.7,7.7,44431.0
NURANI,2020-06-10,7.8,7.9,7.7,7.8,938583.0
NURANI,2020-06-09,8.3,8.5,8.1,8.4,982423.0
NURANI,2020-06-08,7.7,7.8,7.7,7.7,1007826.0
NURANI,2020-06-07,7.7,7.7,7.7,7.7,15.0
NURANI,2020-06-02,7.6,7.9,7.6,7.7,536271.0
NURANI,2020-06-01,8.4,8.5,8.2,8.3,477450.0
NURANI,2020-05-31,7.7,7.7,7.7,7.7,31101.0
NURANI,2020-05-11,8.0,8.0,7.8,7.8,309314.0
NURANI,2020-05-10,7.8,7.9,7.7,7.8,578103.0
NURANI,2020-05-08,7.7,7.8,7.7,7.7,465648.0
NURANI,2020-05-03,9.5,9.8,9.1,9.3,1657597.0
NURANI,2020-05-02,7.9,7.9,7.6,7.7,563094.0
NURANI,2020-05-01,8.7,8.7,8.3,8.3,364604.0
NURANI,2020-04-11,8.0,8.0,7.8,7.9,528721.0
NURANI,2020-04-10,7.8,8.0,7.8,7.8,617541.0
NURANI,2020-04-08,7.9,7.9,7.7,7.7,763106.0
NURANI,2020-04-06,7.7,7.7,7.7,7.7,1005.0
NURANI,2020-04-03,10.3,10.4,9.4,9.6,4570928.0
NURANI,2020-04-02,7.9,8.2,7.8,8.0,1891989.0
NURANI,2020-03-25,7.7,7.7,7.7,7.7,160208.0
NURANI,2020-03-24,7.7,7.7,7.7,7.7,24995.0
NURANI,2020-03-23,7.7,7.7,7.7,7.7,154331.0
NURANI,2020-03-22,7.7,7.7,7.7,7.7,9250.0
NURANI,2020-03-19,8.0,8.0,8.0,8.0,606.0
NURANI,2020-03-18,7.6,7.6,6.6,6.7,981539.0
NURANI,2020-03-16,8.1,8.2,7.1,7.2,1083645.0
NURANI,2020-03-15,8.2,8.2,7.5,7.8,701712.0
NURANI,2020-03-12,7.7,7.7,7.7,7.7,59425.0
NURANI,2020-03-11,8.0,8.1,7.9,7.9,766508.0
NURANI,2020-03-09,7.9,8.2,7.8,8.1,962955.0
NURANI,2020-03-08,7.7,8.0,7.7,7.9,1706076.0
NURANI,2020-03-03,9.1,9.9,9.1,9.9,5134743.0
NURANI,2020-03-02,7.5,7.9,7.5,7.8,1041489.0
NURANI,2020-02-27,9.1,9.2,8.8,8.9,1184410.0
NURANI,2020-02-26,9.0,9.4,8.9,9.0,1882656.0
NURANI,2020-02-25,8.9,9.1,8.6,8.9,834083.0
NURANI,2020-02-24,8.5,8.8,8.4,8.8,1034163.0
NURANI,2020-02-23,8.9,8.9,8.4,8.5,718241.0
NURANI,2020-02-20,9.2,9.3,8.8,8.8,1241999.0
NURANI,2020-02-19,9.3,9.4,9.0,9.1,1734279.0
NURANI,2020-02-18,8.9,9.6,8.9,9.3,4815681.0
NURANI,2020-02-17,8.8,8.9,8.5,8.9,2474803.0
NURANI,2020-02-16,8.5,8.8,8.5,8.8,2006568.0
NURANI,2020-02-13,8.0,8.5,7.9,8.4,2288798.0
NURANI,2020-02-12,7.7,7.7,7.7,7.7,2702.0
NURANI,2020-02-11,8.0,8.1,7.9,8.0,713596.0
NURANI,2020-02-09,8.0,8.1,7.8,7.8,388820.0
NURANI,2020-02-07,7.7,7.7,7.7,7.7,120.0
NURANI,2020-02-06,7.7,7.7,7.7,7.7,510.0
NURANI,2020-02-03,8.7,9.3,8.5,9.0,1994896.0
NURANI,2020-02-02,7.7,7.7,7.4,7.5,649231.0
NURANI,2020-02-01,8.6,8.8,8.6,8.7,335126.0
NURANI,2020-01-30,7.8,7.9,7.6,7.7,459317.0
NURANI,2020-01-29,7.9,7.9,7.8,7.8,384281.0
NURANI,2020-01-28,7.9,8.0,7.8,7.9,373332.0
NURANI,2020-01-27,8.2,8.2,7.8,7.9,587292.0
NURANI,2020-01-26,8.1,8.4,7.9,8.2,843500.0
NURANI,2020-01-23,8.0,8.1,7.7,8.0,855301.0
NURANI,2020-01-22,7.9,8.0,7.6,7.8,479887.0
NURANI,2020-01-21,8.0,8.1,7.8,7.8,339005.0
NURANI,2020-01-20,8.5,8.6,8.0,8.0,601641.0
NURANI,2020-01-19,7.9,8.3,7.9,8.3,359964.0
NURANI,2020-01-16,7.9,8.0,7.6,7.7,298551.0
NURANI,2020-01-15,8.0,8.2,7.8,7.9,190858.0
NURANI,2020-01-14,8.0,8.0,7.6,7.8,276491.0
NURANI,2020-01-13,8.3,8.3,7.9,8.0,363618.0
NURANI,2020-01-12,7.7,7.7,7.7,7.7,3260.0
NURANI,2020-01-11,8.0,8.0,7.8,8.0,793997.0
NURANI,2020-01-10,7.8,8.0,7.8,7.8,682803.0
NURANI,2020-01-09,8.0,8.1,7.9,8.0,447584.0
NURANI,2020-01-06,7.7,7.7,7.7,7.7,101755.0
NURANI,2020-01-03,9.0,9.0,8.5,8.6,974899.0
NURANI,2020-01-01,8.5,8.6,8.4,8.5,266818.0
NURANI,2019-12-30,8.7,8.7,8.3,8.4,325850.0
NURANI,2019-12-29,8.4,8.7,8.3,8.5,704129.0
NURANI,2019-12-26,8.3,8.5,8.2,8.2,341195.0
NURANI,2019-12-24,8.3,8.4,8.1,8.3,329401.0
NURANI,2019-12-23,8.2,8.3,8.1,8.3,210110.0
NURANI,2019-12-22,8.3,8.3,8.1,8.1,570309.0
NURANI,2019-12-19,8.4,8.6,8.3,8.3,488895.0
NURANI,2019-12-18,8.2,8.4,8.0,8.3,374388.0
NURANI,2019-12-17,8.5,8.5,8.2,8.2,189433.0
NURANI,2019-12-15,8.9,8.9,8.3,8.4,476505.0
NURANI,2019-12-12,8.8,9.0,8.6,8.8,425222.0
NURANI,2019-12-11,9.0,9.0,8.8,8.8,407339.0
NURANI,2019-12-09,12.6,12.6,12.2,12.4,966175.0
NURANI,2019-12-06,15.2,15.2,14.9,15.0,977611.0
NURANI,2019-12-05,14.7,15.3,14.6,15.0,1783467.0
NURANI,2019-12-03,17.0,17.1,16.2,16.4,1316457.0
NURANI,2019-12-02,18.0,19.3,18.0,18.9,8914616.0
NURANI,2019-11-28,9.2,10.0,9.1,9.7,3033373.0
NURANI,2019-11-27,9.6,9.7,9.0,9.2,1333212.0
NURANI,2019-11-26,8.9,9.6,8.9,9.6,2604638.0
NURANI,2019-11-25,8.6,9.2,8.6,9.0,1622099.0
NURANI,2019-11-24,8.5,8.7,8.3,8.6,675147.0
NURANI,2019-11-21,8.6,8.6,8.3,8.4,709089.0
NURANI,2019-11-20,8.4,8.5,8.3,8.4,1010389.0
NURANI,2019-11-19,8.5,8.6,8.3,8.4,442540.0
NURANI,2019-11-18,8.5,8.6,8.4,8.4,287426.0
NURANI,2019-11-17,8.1,8.5,8.0,8.4,804350.0
NURANI,2019-11-14,8.5,8.5,8.2,8.3,398354.0
NURANI,2019-11-13,8.8,8.9,8.5,8.5,742994.0
NURANI,2019-11-12,8.9,9.1,8.7,8.8,583605.0
NURANI,2019-11-11,9.2,9.3,8.9,9.0,573231.0
NURANI,2019-11-09,13.4,13.4,12.5,12.6,563030.0
NURANI,2019-11-07,15.5,15.8,15.2,15.5,807176.0
NURANI,2019-11-06,15.3,15.4,15.1,15.2,658386.0
NURANI,2019-11-04,14.4,14.8,14.0,14.6,620765.0
NURANI,2019-11-03,17.7,17.7,16.8,16.9,7099041.0
NURANI,2019-11-02,17.0,18.4,17.0,18.1,6403007.0
NURANI,2019-10-31,9.4,9.9,9.4,9.7,1547833.0
NURANI,2019-10-30,9.2,9.4,9.2,9.3,784630.0
NURANI,2019-10-29,9.2,9.4,9.0,9.1,537199.0
NURANI,2019-10-28,9.3,9.4,9.0,9.2,533967.0
NURANI,2019-10-27,9.7,9.7,9.2,9.3,777426.0
NURANI,2019-10-24,9.2,9.7,9.1,9.6,995983.0
NURANI,2019-10-23,8.8,9.4,8.6,9.2,989518.0
NURANI,2019-10-22,9.0,9.3,8.7,8.8,823432.0
NURANI,2019-10-21,9.7,9.7,9.1,9.2,461403.0
NURANI,2019-10-20,9.7,9.9,9.5,9.6,935602.0
NURANI,2019-10-17,9.7,9.7,9.4,9.5,505727.0
NURANI,2019-10-16,10.1,10.1,9.6,9.7,805716.0
NURANI,2019-10-15,9.4,10.2,9.4,10.1,1165865.0
NURANI,2019-10-14,9.6,9.6,9.1,9.3,902687.0
NURANI,2019-10-13,10.2,10.2,9.4,9.5,996085.0
NURANI,2019-10-12,9.1,9.2,8.9,8.9,333034.0
NURANI,2019-10-10,10.7,10.8,10.0,10.1,908385.0
NURANI,2019-10-07,16.2,16.3,15.5,15.6,1409038.0
NURANI,2019-10-06,14.9,15.4,14.8,15.2,1595515.0
NURANI,2019-10-04,14.6,14.7,14.0,14.2,775005.0
NURANI,2019-10-03,18.1,18.4,17.7,17.8,1514452.0
NURANI,2019-10-02,16.8,17.2,16.5,16.9,2119701.0
NURANI,2019-10-01,16.7,16.9,16.5,16.7,1434071.0
NURANI,2019-09-30,11.1,11.1,10.6,10.7,1434872.0
NURANI,2019-09-29,11.7,11.7,11.0,11.1,1305189.0
NURANI,2019-09-26,12.0,12.1,11.5,11.6,1448628.0
NURANI,2019-09-25,12.2,12.2,11.8,11.9,573129.0
NURANI,2019-09-24,12.5,12.6,12.1,12.1,438157.0
NURANI,2019-09-23,12.3,12.6,12.3,12.4,693321.0
NURANI,2019-09-22,12.2,12.3,11.8,12.1,486745.0
NURANI,2019-09-19,12.3,12.8,12.0,12.1,826040.0
NURANI,2019-09-18,12.4,12.5,12.2,12.2,450119.0
NURANI,2019-09-17,12.6,12.8,12.2,12.3,525828.0
NURANI,2019-09-16,12.4,13.0,12.4,12.6,755716.0
NURANI,2019-09-15,12.4,12.6,12.2,12.4,602822.0
NURANI,2019-09-12,9.1,9.3,9.0,9.0,437945.0
NURANI,2019-09-10,11.0,11.0,10.6,10.6,487534.0
NURANI,2019-09-09,13.6,13.6,13.0,13.1,987903.0
NURANI,2019-09-07,16.4,16.5,16.0,16.1,1328313.0
NURANI,2019-09-06,14.8,14.9,14.6,14.8,251605.0
NURANI,2019-09-05,14.4,14.8,14.3,14.6,949135.0
NURANI,2019-09-04,14.6,14.8,14.4,14.5,353443.0
NURANI,2019-09-01,17.1,17.2,16.5,16.7,1881751.0
NURANI,2019-08-29,14.3,14.3,14.0,14.1,631898.0
NURANI,2019-08-28,14.6,14.6,14.2,14.3,743365.0
NURANI,2019-08-27,14.4,14.8,14.4,14.6,417695.0
NURANI,2019-08-26,14.8,14.8,14.5,14.6,683109.0
NURANI,2019-08-25,15.2,15.2,14.8,14.9,710678.0
NURANI,2019-08-22,15.1,15.5,15.0,15.1,1229805.0
NURANI,2019-08-21,14.9,15.2,14.9,15.1,874851.0
NURANI,2019-08-20,15.0,15.2,14.8,14.9,669170.0
NURANI,2019-08-19,14.9,15.1,14.7,14.9,610231.0
NURANI,2019-08-18,15.0,15.0,14.7,14.8,489781.0
NURANI,2019-08-12,9.5,9.5,9.0,9.1,630494.0
NURANI,2019-08-09,14.0,14.0,13.7,13.7,181285.0
NURANI,2019-08-08,14.7,15.0,14.6,14.9,522783.0
NURANI,2019-08-07,16.3,16.5,16.1,16.3,1174615.0
NURANI,2019-08-05,14.5,14.5,14.1,14.3,394259.0
NURANI,2019-08-04,15.1,15.1,14.5,14.6,667745.0
NURANI,2019-08-01,17.1,17.3,17.0,17.1,1492012.0
NURANI,2019-07-31,14.3,14.5,14.1,14.2,415934.0
NURANI,2019-07-30,14.8,14.9,14.2,14.3,1065375.0
NURANI,2019-07-29,14.2,14.8,14.2,14.7,697524.0
NURANI,2019-07-28,14.5,14.6,14.1,14.2,568613.0
NURANI,2019-07-25,14.4,14.5,14.2,14.4,845482.0
NURANI,2019-07-24,14.6,14.6,14.1,14.3,728048.0
NURANI,2019-07-23,14.2,14.7,14.2,14.6,754036.0
NURANI,2019-07-22,14.2,14.3,13.7,14.0,1339862.0
NURANI,2019-07-21,14.9,14.9,14.1,14.2,797544.0
NURANI,2019-07-18,14.8,15.1,14.6,14.9,861916.0
NURANI,2019-07-17,14.8,14.9,14.4,14.7,954134.0
NURANI,2019-07-16,14.4,14.9,14.4,14.8,703882.0
NURANI,2019-07-15,15.1,15.2,14.2,14.4,1033124.0
NURANI,2019-07-14,15.5,15.6,15.0,15.1,519874.0
NURANI,2019-07-11,9.2,9.4,9.1,9.2,1271795.0
NURANI,2019-07-10,11.2,11.2,10.9,10.9,519049.0
NURANI,2019-07-08,15.2,15.2,14.7,14.8,774125.0
NURANI,2019-07-07,16.7,16.7,16.2,16.3,1316460.0
NURANI,2019-07-05,15.0,15.2,14.3,14.4,1064515.0
NURANI,2019-07-04,15.5,15.5,15.0,15.1,407160.0
NURANI,2019-07-03,18.0,18.4,17.9,18.0,1253647.0
NURANI,2019-07-02,16.7,17.0,16.4,16.5,1314700.0
NURANI,2019-07-01,17.0,17.6,16.9,17.0,1697019.0
NURANI,2019-06-30,17.3,17.6,17.0,17.3,3891094.0
NURANI,2019-06-27,17.1,17.3,16.9,17.2,3990471.0
NURANI,2019-06-26,16.9,17.1,16.7,16.9,2296957.0
NURANI,2019-06-25,17.2,17.4,16.8,16.9,3808557.0
NURANI,2019-06-24,16.5,17.3,16.3,17.1,3170555.0
NURANI,2019-06-23,17.0,17.2,16.3,16.5,2044951.0
NURANI,2019-06-20,17.1,17.5,16.6,17.0,6492647.0
NURANI,2019-06-19,17.4,18.0,16.8,17.0,6322333.0
NURANI,2019-06-18,15.5,16.9,15.5,16.9,8822564.0
NURANI,2019-06-17,15.3,15.5,14.8,15.4,1663621.0
NURANI,2019-06-16,15.6,15.9,15.2,15.3,1923724.0
NURANI,2019-06-13,15.1,15.4,15.0,15.4,1549281.0
NURANI,2019-06-10,11.1,11.3,11.0,11.1,841720.0
NURANI,2019-06-08,15.3,15.4,15.0,15.1,1263508.0
NURANI,2019-06-05,14.8,15.2,14.8,14.8,1056184.0
NURANI,2019-06-03,18.2,18.4,18.0,18.1,1341320.0
NURANI,2019-06-02,17.0,17.0,16.5,16.7,1115704.0
NURANI,2019-06-01,17.3,17.6,17.0,17.4,2072211.0
NURANI,2019-05-30,14.7,14.8,14.4,14.7,474452.0
NURANI,2019-05-29,14.8,14.8,14.5,14.6,219999.0
NURANI,2019-05-28,14.5,14.7,14.5,14.6,347783.0
NURANI,2019-05-27,14.5,14.6,14.3,14.4,311328.0
NURANI,2019-05-26,14.7,14.9,14.4,14.5,303986.0
NURANI,2019-05-23,14.9,14.9,14.6,14.7,388888.0
NURANI,2019-05-22,14.7,14.9,14.7,14.7,254013.0
NURANI,2019-05-21,14.7,14.8,14.6,14.7,215721.0
NURANI,2019-05-20,15.2,15.2,14.7,14.8,639741.0
NURANI,2019-05-19,14.8,15.2,14.8,15.1,1103165.0
NURANI,2019-05-16,14.7,14.9,14.6,14.7,444651.0
NURANI,2019-05-15,14.7,14.7,14.4,14.5,319958.0
NURANI,2019-05-14,15.0,15.0,14.6,14.6,426256.0
NURANI,2019-05-13,15.1,15.1,14.6,14.8,529301.0
NURANI,2019-05-12,9.4,9.7,9.4,9.5,615138.0
NURANI,2019-05-11,9.7,10.0,9.6,9.9,1075046.0
NURANI,2019-05-09,13.7,14.0,13.7,13.8,566724.0
NURANI,2019-05-08,15.2,15.5,14.9,15.2,1863963.0
NURANI,2019-05-05,15.1,15.3,14.9,15.2,1620449.0
NURANI,2019-05-03,18.1,18.3,17.9,18.0,975618.0
NURANI,2019-05-02,16.8,17.3,16.7,17.0,1811323.0
NURANI,2019-04-30,13.7,14.3,13.7,13.8,1113687.0
NURANI,2019-04-29,14.0,14.0,13.8,13.9,385973.0
NURANI,2019-04-28,14.3,14.3,13.8,14.0,624254.0
NURANI,2019-04-25,14.2,14.4,14.1,14.2,396632.0
NURANI,2019-04-24,14.2,14.3,13.9,14.0,905845.0
NURANI,2019-04-23,14.7,14.7,14.1,14.2,833367.0
NURANI,2019-04-21,14.7,15.1,14.6,14.8,973401.0
NURANI,2019-04-18,14.2,14.8,14.2,14.7,813848.0
NURANI,2019-04-17,14.1,14.3,13.9,14.1,363908.0
NURANI,2019-04-16,14.3,14.3,13.9,14.0,650371.0
NURANI,2019-04-15,14.7,14.7,14.3,14.3,287440.0
NURANI,2019-04-12,9.5,9.8,9.4,9.5,995408.0
NURANI,2019-04-11,10.1,10.1,9.7,9.8,938283.0
NURANI,2019-04-09,13.6,13.8,13.5,13.6,372720.0
NURANI,2019-04-08,14.5,15.4,14.5,15.1,2156697.0
NURANI,2019-04-07,16.8,17.0,16.6,16.7,1503452.0
NURANI,2019-04-04,15.5,15.5,15.3,15.4,376301.0
NURANI,2019-04-03,18.3,18.5,17.9,18.0,1533326.0
NURANI,2019-04-02,17.0,17.2,16.6,16.7,1769072.0
NURANI,2019-03-31,15.7,15.7,15.2,15.3,590161.0
NURANI,2019-03-28,15.6,15.8,15.5,15.7,739706.0
NURANI,2019-03-27,15.5,15.6,15.4,15.5,373565.0
NURANI,2019-03-25,15.4,15.6,15.2,15.4,623642.0
NURANI,2019-03-24,15.5,15.5,15.1,15.2,528416.0
NURANI,2019-03-21,15.2,15.5,15.1,15.4,1043363.0
NURANI,2019-03-20,15.7,15.7,15.2,15.2,916067.0
NURANI,2019-03-19,15.3,15.7,15.2,15.5,912886.0
NURANI,2019-03-18,15.8,16.0,14.9,15.3,993393.0
NURANI,2019-03-14,16.1,16.4,15.6,15.7,1331416.0
NURANI,2019-03-13,16.5,16.5,15.9,16.1,1868010.0
NURANI,2019-03-12,9.6,9.6,9.2,9.3,905063.0
NURANI,2019-03-11,9.9,10.3,9.8,10.1,1601515.0
NURANI,2019-03-10,11.0,11.3,10.9,11.1,800857.0
NURANI,2019-03-09,13.6,13.8,13.2,13.6,771111.0
NURANI,2019-03-07,17.2,17.3,16.8,16.8,2457405.0
NURANI,2019-03-04,15.8,15.8,15.4,15.5,593531.0
NURANI,2019-03-03,19.0,19.1,18.3,18.4,2444349.0
NURANI,2019-03-02,17.5,17.8,16.9,17.0,1731872.0
NURANI,2019-03-01,16.9,17.3,16.9,17.2,1325010.0
NURANI,2019-02-27,17.8,19.1,17.6,18.7,3100040.0
NURANI,2019-02-26,18.0,18.1,17.5,17.7,1797069.0
NURANI,2019-02-25,18.1,18.3,17.8,18.0,1015685.0
NURANI,2019-02-24,18.5,18.7,17.7,17.9,1380940.0
NURANI,2019-02-20,18.9,19.0,18.3,18.4,2497221.0
NURANI,2019-02-19,19.3,19.4,18.8,18.9,3024652.0
NURANI,2019-02-18,19.5,20.2,19.1,19.2,5004474.0
NURANI,2019-02-17,19.8,20.1,19.3,19.5,6029479.0
NURANI,2019-02-14,19.3,20.4,19.3,19.8,10144483.0
NURANI,2019-02-13,19.0,19.5,18.7,19.3,8372514.0
NURANI,2019-02-12,9.9,9.9,9.3,9.4,1339213.0
NURANI,2019-02-10,11.3,11.3,10.9,11.0,888203.0
NURANI,2019-02-09,13.8,14.0,13.6,13.7,469113.0
NURANI,2019-02-07,17.2,17.4,17.0,17.2,2759491.0
NURANI,2019-02-05,14.0,15.0,13.9,14.9,1531887.0
NURANI,2019-02-04,15.5,15.8,15.5,15.7,1031130.0
NURANI,2019-02-01,16.9,17.0,16.6,16.9,1739130.0
NURANI,2019-01-31,17.5,17.7,17.2,17.5,3110712.0
NURANI,2019-01-30,17.6,17.7,17.2,17.3,1936537.0
NURANI,2019-01-29,17.2,17.8,17.1,17.6,2997731.0
NURANI,2019-01-28,18.2,18.2,16.9,17.1,3046851.0
NURANI,2019-01-27,17.0,17.9,17.0,17.7,4422838.0
NURANI,2019-01-24,16.4,17.2,16.1,17.0,2608561.0
NURANI,2019-01-23,16.4,16.6,16.0,16.2,1300775.0
NURANI,2019-01-22,16.5,16.7,16.2,16.3,1008466.0
NURANI,2019-01-21,16.8,17.0,16.3,16.4,1153500.0
NURANI,2019-01-20,16.3,16.9,16.1,16.6,1160804.0
NURANI,2019-01-17,16.6,16.6,16.2,16.3,1430892.0
NURANI,2019-01-16,16.7,16.9,16.5,16.6,1206329.0
NURANI,2019-01-15,17.1,17.1,16.6,16.7,1234230.0
NURANI,2019-01-14,16.9,17.2,16.8,16.9,2082497.0
NURANI,2019-01-13,16.7,16.9,16.7,16.8,1604153.0
NURANI,2019-01-12,9.8,10.2,9.7,9.9,2127866.0
NURANI,2019-01-10,10.9,11.5,10.9,11.3,1919172.0
NURANI,2019-01-09,14.3,14.3,13.8,13.9,390325.0
NURANI,2019-01-08,14.3,14.7,14.2,14.5,729459.0
NURANI,2019-01-04,15.5,15.5,15.3,15.4,504325.0
NURANI,2019-01-01,16.3,17.0,16.1,16.7,853436.0
NURANI,2018-12-27,15.9,16.0,15.8,16.0,749220.0
NURANI,2018-12-26,15.8,15.9,15.7,15.8,602487.0
NURANI,2018-12-24,15.8,15.9,15.6,15.7,397706.0
NURANI,2018-12-23,16.0,16.1,15.7,15.7,411557.0
NURANI,2018-12-20,15.8,16.0,15.7,15.8,576712.0
NURANI,2018-12-19,16.0,16.2,15.5,15.6,903906.0
NURANI,2018-12-18,15.7,16.1,15.5,15.9,528801.0
NURANI,2018-12-17,16.5,16.5,15.6,15.7,564980.0
NURANI,2018-12-13,17.1,17.1,16.4,16.5,774902.0
NURANI,2018-12-12,17.1,17.2,16.7,16.8,1415936.0
NURANI,2018-12-11,20.3,20.5,18.8,19.0,2691813.0
NURANI,2018-12-09,17.9,18.4,17.6,17.6,884222.0
NURANI,2018-12-08,18.7,19.4,17.8,18.4,4047171.0
NURANI,2018-12-07,16.6,16.9,16.2,16.3,1500267.0
NURANI,2018-12-06,14.5,14.6,14.3,14.4,171500.0
NURANI,2018-12-04,16.4,16.4,15.7,15.8,1301375.0
NURANI,2018-12-03,16.7,16.7,16.2,16.4,577810.0
NURANI,2018-12-02,17.6,17.9,17.3,17.5,546758.0
NURANI,2018-11-29,17.5,17.9,17.1,17.6,3100402.0
NURANI,2018-11-28,17.3,17.7,17.2,17.3,2183646.0
NURANI,2018-11-27,17.4,17.8,17.2,17.3,2450390.0
NURANI,2018-11-26,17.0,17.5,16.9,17.2,1984532.0
NURANI,2018-11-25,17.7,17.7,16.7,16.8,2031829.0
NURANI,2018-11-22,18.2,18.5,17.3,17.5,2069604.0
NURANI,2018-11-20,19.0,19.2,18.0,18.3,2292062.0
NURANI,2018-11-19,19.3,19.4,18.2,18.9,4388770.0
NURANI,2018-11-18,16.8,18.3,16.8,18.3,2497054.0
NURANI,2018-11-14,18.5,18.9,18.2,18.5,1733398.0
NURANI,2018-11-13,18.8,19.3,17.9,18.1,1632376.0
NURANI,2018-11-12,16.9,17.2,16.5,16.8,1148553.0
NURANI,2018-11-11,20.9,21.1,20.2,20.4,3240997.0
NURANI,2018-11-10,21.0,22.2,21.0,21.8,5928747.0
NURANI,2018-11-09,17.9,18.0,17.6,17.9,910327.0
NURANI,2018-11-07,17.2,17.7,16.2,16.5,4336946.0
NURANI,2018-11-06,14.6,14.7,14.3,14.4,236862.0
NURANI,2018-11-04,16.4,16.7,16.2,16.3,871894.0
NURANI,2018-11-03,17.1,17.1,16.6,16.6,1019471.0
NURANI,2018-11-02,16.9,17.5,16.9,17.4,614170.0
NURANI,2018-11-01,18.7,19.1,18.7,19.0,352070.0
NURANI,2018-10-31,22.1,22.1,20.8,21.5,5468952.0
NURANI,2018-10-30,22.0,22.8,21.7,22.0,5312505.0
NURANI,2018-10-29,20.7,22.0,20.7,21.8,4535165.0
NURANI,2018-10-28,20.3,21.0,20.1,20.7,3367991.0
NURANI,2018-10-25,19.4,20.2,19.0,19.7,1910417.0
NURANI,2018-10-24,20.3,20.5,19.5,19.6,2075027.0
NURANI,2018-10-23,20.4,20.6,19.8,20.0,1761677.0
NURANI,2018-10-22,20.6,20.8,19.8,20.0,1939922.0
NURANI,2018-10-21,20.4,20.5,19.9,20.1,2038841.0
NURANI,2018-10-18,21.0,21.0,19.8,20.0,3688368.0
NURANI,2018-10-17,21.5,21.8,20.6,20.9,3969339.0
NURANI,2018-10-16,20.6,21.5,20.0,20.9,4085764.0
NURANI,2018-10-15,21.7,21.9,19.9,20.6,4176398.0
NURANI,2018-10-14,21.8,22.5,21.2,21.7,6503477.0
NURANI,2018-10-12,17.5,17.5,16.7,16.8,980829.0
NURANI,2018-10-10,20.4,21.1,19.4,20.7,5374790.0
NURANI,2018-10-09,18.1,18.1,17.4,17.5,1383767.0
NURANI,2018-10-07,17.0,17.5,16.6,17.0,3565755.0
NURANI,2018-10-06,14.8,14.8,14.4,14.5,400727.0
NURANI,2018-10-05,16.3,16.6,16.2,16.4,1746284.0
NURANI,2018-10-04,17.0,17.2,16.4,16.5,1345625.0
NURANI,2018-10-01,19.0,19.5,18.8,18.9,1111702.0
NURANI,2018-09-30,18.5,18.6,17.8,18.0,1442688.0
NURANI,2018-09-27,18.9,19.1,18.2,18.3,3053038.0
NURANI,2018-09-26,18.5,19.2,18.3,18.7,5181705.0
NURANI,2018-09-25,17.4,18.2,17.2,18.0,2171800.0
NURANI,2018-09-24,16.9,17.6,16.8,17.1,1283183.0
NURANI,2018-09-23,17.5,17.6,16.7,16.8,1432017.0
NURANI,2018-09-20,18.3,19.3,17.5,17.7,2227711.0
NURANI,2018-09-19,16.8,18.1,16.7,18.1,2609068.0
NURANI,2018-09-18,16.3,16.8,16.2,16.5,1199584.0
NURANI,2018-09-17,17.1,17.1,16.2,16.4,1870224.0
NURANI,2018-09-16,17.8,17.8,17.0,17.1,933944.0
NURANI,2018-09-13,17.9,17.9,17.2,17.3,1047765.0
NURANI,2018-09-12,17.9,17.9,17.2,17.3,1221544.0
NURANI,2018-09-10,20.9,21.4,19.5,20.2,4480274.0
NURANI,2018-09-09,18.1,18.4,17.5,17.8,1442884.0
NURANI,2018-09-08,18.0,18.7,17.7,18.5,1771005.0
NURANI,2018-09-07,16.1,17.5,16.1,17.0,4487955.0
NURANI,2018-09-05,15.7,16.3,15.7,16.1,1214188.0
NURANI,2018-09-04,16.4,17.2,16.4,17.0,2451650.0
NURANI,2018-09-01,19.4,19.7,19.2,19.3,663257.0
NURANI,2018-08-30,17.7,18.7,17.7,18.4,2574884.0
NURANI,2018-08-29,17.8,18.0,17.5,17.6,1582916.0
NURANI,2018-08-28,18.0,18.0,17.4,17.5,1528450.0
NURANI,2018-08-27,18.3,18.3,17.8,17.9,1216701.0
NURANI,2018-08-26,17.8,18.2,17.6,18.1,1084086.0
NURANI,2018-08-20,16.9,17.7,16.9,17.5,1092685.0
NURANI,2018-08-19,17.2,17.3,16.7,16.8,1841541.0
NURANI,2018-08-16,17.6,17.7,16.9,17.1,1397897.0
NURANI,2018-08-14,18.0,18.3,17.1,17.4,1599181.0
NURANI,2018-08-13,18.4,18.6,17.8,17.9,2299349.0
NURANI,2018-08-11,20.8,21.2,20.3,20.6,5212312.0
NURANI,2018-08-10,22.3,22.4,20.3,20.6,7445951.0
NURANI,2018-08-08,19.0,19.0,17.7,17.8,3861668.0
NURANI,2018-08-07,16.0,16.8,15.9,16.1,3317241.0
NURANI,2018-08-05,16.2,16.4,15.6,15.7,1214870.0
NURANI,2018-08-04,16.0,16.5,16.0,16.4,1532819.0
NURANI,2018-08-03,17.2,17.3,16.9,17.1,561454.0
NURANI,2018-08-02,16.8,17.0,16.5,16.8,192863.0
NURANI,2018-08-01,19.3,19.6,19.2,19.3,493405.0
NURANI,2018-07-31,16.5,17.9,16.5,17.9,5041959.0
NURANI,2018-07-30,16.7,16.9,16.2,16.3,1753865.0
NURANI,2018-07-29,17.2,17.5,16.3,16.5,2725496.0
NURANI,2018-07-26,16.5,17.4,16.5,17.2,5228626.0
NURANI,2018-07-25,15.8,16.5,15.8,16.3,2478460.0
NURANI,2018-07-24,15.7,15.8,15.5,15.6,638019.0
NURANI,2018-07-23,16.1,16.5,15.5,15.6,1208655.0
NURANI,2018-07-22,16.0,16.2,15.7,15.9,1162329.0
NURANI,2018-07-19,15.3,16.0,15.2,15.7,1079955.0
NURANI,2018-07-18,15.6,15.7,15.1,15.3,787959.0
NURANI,2018-07-17,15.8,16.1,15.3,15.4,1142114.0
NURANI,2018-07-16,16.4,16.4,15.6,15.7,1053872.0
NURANI,2018-07-15,16.5,16.9,15.9,16.0,2082860.0
NURANI,2018-07-11,21.0,21.5,20.7,21.0,3872887.0
NURANI,2018-07-10,22.1,23.0,21.6,22.2,8617997.0
NURANI,2018-07-08,19.6,19.7,18.6,18.8,3280290.0
NURANI,2018-07-06,15.0,15.1,14.5,14.8,623431.0
NURANI,2018-07-05,16.4,16.8,16.0,16.1,2254994.0
NURANI,2018-07-03,17.0,17.4,17.0,17.1,890086.0
NURANI,2018-07-02,17.1,17.1,16.6,16.8,191736.0
NURANI,2018-07-01,19.2,19.6,19.2,19.3,526528.0
NURANI,2018-06-28,14.6,14.7,14.1,14.1,365694.0
NURANI,2018-06-27,14.4,14.7,14.2,14.5,598149.0
NURANI,2018-06-26,14.5,14.6,14.1,14.2,370113.0
NURANI,2018-06-25,14.7,14.8,14.2,14.4,410055.0
NURANI,2018-06-24,14.7,15.1,14.6,14.7,732800.0
NURANI,2018-06-21,14.6,14.9,14.5,14.7,560897.0
NURANI,2018-06-20,14.4,14.9,14.3,14.5,695416.0
NURANI,2018-06-19,14.0,14.4,13.9,14.3,335757.0
NURANI,2018-06-18,14.5,14.5,13.9,14.0,435091.0
NURANI,2018-06-12,18.2,18.3,17.6,17.7,1344089.0
NURANI,2018-06-11,22.0,22.0,20.6,20.9,4811089.0
NURANI,2018-06-09,18.4,18.4,17.7,17.9,1137699.0
NURANI,2018-06-08,18.9,20.1,18.8,19.4,6267549.0
NURANI,2018-06-06,15.2,15.2,14.8,14.9,269715.0
NURANI,2018-06-05,15.6,16.4,15.6,16.3,1599058.0
NURANI,2018-06-03,16.8,17.0,16.6,16.8,565272.0
NURANI,2018-06-02,17.0,17.3,16.9,17.0,322435.0
NURANI,2018-05-31,15.5,15.5,15.0,15.1,593270.0
NURANI,2018-05-30,15.4,15.7,15.2,15.3,511201.0
NURANI,2018-05-29,15.3,15.6,15.3,15.3,467148.0
NURANI,2018-05-28,15.8,15.9,15.3,15.4,518839.0
NURANI,2018-05-27,15.5,16.0,15.5,15.8,905483.0
NURANI,2018-05-24,15.1,15.6,15.1,15.5,653569.0
NURANI,2018-05-23,15.3,15.6,15.0,15.1,467160.0
NURANI,2018-05-22,15.5,15.7,15.3,15.4,522846.0
NURANI,2018-05-21,15.0,15.7,15.0,15.4,523833.0
NURANI,2018-05-20,15.3,15.4,15.0,15.1,395144.0
NURANI,2018-05-17,15.6,15.7,15.2,15.3,487991.0
NURANI,2018-05-16,16.0,16.3,15.6,15.6,909938.0
NURANI,2018-05-15,16.1,16.3,15.9,16.0,668317.0
NURANI,2018-05-14,16.1,16.2,15.9,16.0,577379.0
NURANI,2018-05-13,16.4,16.6,15.9,16.0,839036.0
NURANI,2018-05-12,18.5,18.6,17.9,18.0,1759856.0
NURANI,2018-05-11,23.5,23.5,21.4,21.7,7313324.0
NURANI,2018-05-09,18.5,18.8,18.1,18.2,1405384.0
NURANI,2018-05-08,19.4,19.6,18.6,18.8,3532200.0
NURANI,2018-05-07,15.8,16.3,15.5,15.8,1780911.0
NURANI,2018-05-06,14.9,15.1,14.8,14.9,415515.0
NURANI,2018-05-04,15.7,16.1,15.7,16.0,1071736.0
NURANI,2018-05-03,17.1,17.2,16.8,16.9,597274.0
NURANI,2018-05-02,16.7,17.1,16.4,16.8,411280.0
NURANI,2018-04-30,15.4,15.7,15.1,15.2,891774.0
NURANI,2018-04-26,14.9,15.3,14.8,15.2,448760.0
NURANI,2018-04-25,15.0,15.0,14.7,14.8,478060.0
NURANI,2018-04-24,14.8,15.1,14.7,14.8,349172.0
NURANI,2018-04-23,15.2,15.2,14.8,14.9,736039.0
NURANI,2018-04-22,15.5,15.7,15.0,15.1,625404.0
NURANI,2018-04-19,15.8,15.8,15.5,15.5,258895.0
NURANI,2018-04-18,15.8,15.9,15.5,15.6,631185.0
NURANI,2018-04-17,16.0,16.1,15.5,15.6,788308.0
NURANI,2018-04-16,15.7,15.9,15.2,15.7,492200.0
NURANI,2018-04-15,15.9,16.0,15.5,15.5,461594.0
NURANI,2018-04-12,18.5,18.8,18.2,18.3,2818903.0
NURANI,2018-04-11,23.0,24.0,22.9,23.4,6134405.0
NURANI,2018-04-10,20.6,22.1,20.5,22.0,6723285.0
NURANI,2018-04-09,19.3,19.3,18.3,18.5,1630134.0
NURANI,2018-04-07,14.9,16.0,14.7,15.7,3151805.0
NURANI,2018-04-06,15.0,15.3,14.8,14.9,451161.0
NURANI,2018-04-04,15.9,16.3,15.8,15.9,1606294.0
NURANI,2018-04-03,17.3,17.6,17.1,17.1,633133.0
NURANI,2018-04-02,17.5,17.5,16.8,16.9,498605.0
NURANI,2018-04-01,19.5,19.8,19.4,19.5,775682.0
NURANI,2018-03-29,14.4,14.9,14.4,14.8,625434.0
NURANI,2018-03-28,14.4,14.6,14.2,14.4,298147.0
NURANI,2018-03-27,14.8,14.8,14.2,14.3,603839.0
NURANI,2018-03-25,15.2,15.4,14.7,14.8,429101.0
NURANI,2018-03-22,14.5,15.1,14.4,15.0,858365.0
NURANI,2018-03-21,14.9,15.0,14.4,14.5,944037.0
NURANI,2018-03-20,15.5,15.5,14.9,15.0,843773.0
NURANI,2018-03-19,15.7,15.8,15.4,15.5,342804.0
NURANI,2018-03-18,16.3,16.3,15.8,15.9,376446.0
NURANI,2018-03-15,15.7,16.3,15.6,16.1,626558.0
NURANI,2018-03-14,16.2,16.3,15.5,15.7,728467.0
NURANI,2018-03-13,16.6,16.6,15.9,16.1,276824.0
NURANI,2018-03-12,18.7,19.1,18.1,18.2,2376729.0
NURANI,2018-03-10,20.6,21.0,20.1,20.4,4379051.0
NURANI,2018-03-09,18.5,19.4,18.5,19.1,4223657.0
NURANI,2018-03-07,14.7,15.2,14.7,14.7,1055949.0
NURANI,2018-03-06,15.0,15.3,14.9,15.0,232252.0
NURANI,2018-03-05,15.4,15.7,15.3,15.5,699085.0
NURANI,2018-03-04,15.6,16.3,15.4,15.8,2328112.0
NURANI,2018-03-01,19.8,20.2,19.6,19.7,1359550.0
NURANI,2018-02-28,17.2,17.3,16.9,17.0,275450.0
NURANI,2018-02-27,17.3,17.4,17.1,17.1,225441.0
NURANI,2018-02-26,17.1,17.4,17.0,17.0,280060.0
NURANI,2018-02-25,17.4,17.7,17.1,17.1,392236.0
NURANI,2018-02-22,17.9,18.0,17.4,17.4,559776.0
NURANI,2018-02-20,18.0,18.3,17.6,17.7,669968.0
NURANI,2018-02-19,17.9,18.0,17.6,17.8,542308.0
NURANI,2018-02-18,18.0,18.0,17.6,17.7,539732.0
NURANI,2018-02-15,18.0,18.3,17.7,18.0,1086472.0
NURANI,2018-02-14,17.7,18.2,17.7,17.9,824118.0
NURANI,2018-02-13,17.6,17.7,17.1,17.6,536559.0
NURANI,2018-02-12,17.8,19.0,17.8,18.6,4316821.0
NURANI,2018-02-10,19.5,21.0,19.4,20.7,9076402.0
NURANI,2018-02-08,18.2,19.7,17.9,19.3,6523295.0
NURANI,2018-02-07,14.2,14.9,14.1,14.5,1278879.0
NURANI,2018-02-04,15.6,15.9,15.2,15.5,1169535.0
NURANI,2018-02-01,19.0,19.7,19.0,19.7,1169134.0
NURANI,2018-01-31,18.0,18.2,17.5,17.7,380571.0
NURANI,2018-01-30,17.8,18.4,17.8,18.0,1387486.0
NURANI,2018-01-29,17.1,17.4,17.1,17.2,220412.0
NURANI,2018-01-28,17.6,17.6,17.0,17.1,331687.0
NURANI,2018-01-25,17.6,17.8,17.5,17.6,374109.0
NURANI,2018-01-24,17.8,17.9,17.5,17.6,341038.0
NURANI,2018-01-23,18.1,18.1,17.7,17.8,419048.0
NURANI,2018-01-22,18.1,18.3,17.9,18.0,506965.0
NURANI,2018-01-21,18.4,18.5,17.9,18.1,361823.0
NURANI,2018-01-18,18.3,18.5,18.2,18.4,273571.0
NURANI,2018-01-17,18.6,18.8,18.2,18.3,432707.0
NURANI,2018-01-16,18.5,18.7,18.3,18.6,455417.0
NURANI,2018-01-15,18.6,18.8,18.3,18.4,252048.0
NURANI,2018-01-14,18.7,19.1,18.4,18.6,550589.0
NURANI,2018-01-11,21.7,23.0,21.3,22.7,6803011.0
NURANI,2018-01-10,18.2,19.5,18.1,19.1,3970497.0
NURANI,2018-01-08,18.2,18.8,17.8,18.1,5745971.0
NURANI,2018-01-04,15.0,15.6,15.0,15.5,917362.0
NURANI,2018-01-03,17.1,17.3,16.9,17.2,291524.0
NURANI,2018-01-02,17.8,17.9,17.5,17.6,409649.0
NURANI,2018-01-01,18.9,19.3,18.6,19.2,407004.0
NURANI,2017-12-28,18.3,18.8,18.3,18.7,593023.0
NURANI,2017-12-27,18.3,18.5,18.2,18.3,276960.0
NURANI,2017-12-26,18.4,18.8,18.3,18.3,439317.0
NURANI,2017-12-24,18.8,18.8,18.4,18.4,260787.0
NURANI,2017-12-21,19.2,19.2,18.6,18.7,610790.0
NURANI,2017-12-20,19.3,19.3,19.0,19.1,403701.0
NURANI,2017-12-19,19.3,19.5,19.0,19.1,530938.0
NURANI,2017-12-18,19.6,19.6,19.2,19.3,381689.0
NURANI,2017-12-17,19.9,19.9,19.4,19.4,713824.0
NURANI,2017-12-14,19.8,20.1,19.5,19.8,803183.0
NURANI,2017-12-13,20.0,20.0,19.4,19.6,925748.0
NURANI,2017-12-12,19.9,20.2,19.5,19.7,838903.0
NURANI,2017-12-11,19.8,19.9,18.7,18.9,833390.0
NURANI,2017-12-10,20.0,20.0,19.3,19.5,525883.0
NURANI,2017-12-09,22.5,22.6,21.8,21.9,1035033.0
NURANI,2017-12-07,27.0,27.7,26.8,27.0,6323205.0
NURANI,2017-12-06,19.4,20.1,19.3,19.7,3076307.0
NURANI,2017-11-30,20.0,20.1,19.7,19.9,972414.0
NURANI,2017-11-29,20.4,20.7,19.7,19.8,1945317.0
NURANI,2017-11-28,20.3,20.9,20.2,20.4,2691108.0
NURANI,2017-11-27,19.3,20.5,19.3,20.3,2175005.0
NURANI,2017-11-26,19.6,19.8,19.3,19.4,757138.0
NURANI,2017-11-23,19.8,20.0,19.4,19.6,782655.0
NURANI,2017-11-22,19.4,20.1,19.2,19.9,2028246.0
NURANI,2017-11-21,18.2,19.6,18.2,19.4,1664503.0
NURANI,2017-11-20,18.7,19.0,18.3,18.4,581714.0
NURANI,2017-11-19,18.5,19.4,18.0,18.8,1344642.0
NURANI,2017-11-15,19.0,20.0,18.8,19.5,1149604.0
NURANI,2017-11-14,19.4,19.4,18.8,19.0,603953.0
NURANI,2017-11-13,19.5,19.5,19.0,19.1,408464.0
NURANI,2017-11-12,20.4,20.5,19.8,19.8,1184228.0
NURANI,2017-11-10,20.6,20.6,19.7,20.0,668057.0
NURANI,2017-11-09,21.7,22.5,21.6,22.3,1135777.0
NURANI,2017-11-07,26.0,27.1,26.0,26.9,4832352.0
NURANI,2017-11-06,19.3,19.6,18.9,19.3,2761356.0
NURANI,2017-10-31,19.3,20.0,19.1,19.6,614167.0
NURANI,2017-10-30,18.8,19.3,18.8,19.0,260494.0
NURANI,2017-10-29,19.7,19.7,18.7,18.8,509614.0
NURANI,2017-10-26,20.0,20.1,19.5,19.6,422030.0
NURANI,2017-10-25,19.1,19.9,19.1,19.8,596127.0
NURANI,2017-10-24,19.0,19.3,18.8,18.9,368811.0
NURANI,2017-10-23,18.9,19.4,18.9,19.0,361158.0
NURANI,2017-10-22,18.8,19.3,18.8,19.0,295282.0
NURANI,2017-10-19,19.6,19.6,19.1,19.1,424899.0
NURANI,2017-10-18,20.0,20.4,19.3,19.6,634442.0
NURANI,2017-10-17,18.6,20.0,18.5,19.9,548328.0
NURANI,2017-10-16,19.0,19.1,18.5,18.6,364018.0
NURANI,2017-10-15,19.3,19.7,18.5,18.8,403198.0
NURANI,2017-10-12,20.4,20.7,20.2,20.3,865561.0
NURANI,2017-10-10,21.1,21.2,20.5,20.7,486695.0
NURANI,2017-10-09,22.3,22.3,21.5,21.7,2189788.0
NURANI,2017-10-08,24.8,25.0,24.1,24.4,2914383.0
NURANI,2017-10-07,25.8,26.2,25.3,25.8,3048392.0
NURANI,2017-09-28,20.9,20.9,20.5,20.6,628448.0
NURANI,2017-09-27,21.2,21.4,20.7,20.9,963696.0
NURANI,2017-09-26,22.0,22.0,21.2,21.2,546601.0
NURANI,2017-09-25,21.3,21.7,21.2,21.7,574614.0
NURANI,2017-09-24,22.0,22.1,21.0,21.2,1057579.0
NURANI,2017-09-21,22.0,22.7,21.8,22.0,1278126.0
NURANI,2017-09-20,22.7,23.1,22.1,22.3,1460894.0
NURANI,2017-09-19,23.6,23.7,22.6,22.8,1933227.0
NURANI,2017-09-18,22.5,24.1,22.5,23.6,4752609.0
NURANI,2017-09-17,22.5,23.2,22.5,22.8,2690356.0
NURANI,2017-09-14,21.5,22.7,21.4,22.4,1545303.0
NURANI,2017-09-13,21.9,22.1,21.5,21.7,1062721.0
NURANI,2017-09-11,19.8,20.0,19.5,19.7,398674.0
NURANI,2017-09-10,20.7,21.0,20.4,20.9,709793.0
NURANI,2017-09-08,25.3,25.4,24.4,24.5,2867080.0
NURANI,2017-09-07,25.8,27.1,25.6,25.8,5023698.0
NURANI,2017-08-31,23.3,23.4,22.7,22.8,815922.0
NURANI,2017-08-30,22.9,23.7,22.9,23.2,1278147.0
NURANI,2017-08-29,23.2,23.5,22.7,22.8,638073.0
NURANI,2017-08-28,22.3,23.4,22.3,23.2,1612304.0
NURANI,2017-08-27,22.8,22.8,22.1,22.2,1147096.0
NURANI,2017-08-24,22.8,22.9,22.5,22.6,587229.0
NURANI,2017-08-23,22.8,23.0,22.7,22.8,884956.0
NURANI,2017-08-22,23.3,23.3,22.6,22.7,1486073.0
NURANI,2017-08-21,22.8,23.2,22.7,23.1,908773.0
NURANI,2017-08-20,23.5,23.5,22.7,22.8,859001.0
NURANI,2017-08-17,23.7,23.7,23.0,23.1,851307.0
NURANI,2017-08-16,24.3,24.4,23.1,23.4,1272642.0
NURANI,2017-08-13,24.5,25.2,24.1,24.2,2269354.0
NURANI,2017-08-11,19.5,20.0,19.5,19.8,477878.0
NURANI,2017-08-10,20.6,20.8,20.2,20.4,503342.0
NURANI,2017-08-08,24.4,25.3,24.4,25.2,4812976.0
NURANI,2017-08-06,19.8,19.8,19.1,19.3,2767133.0
NURANI,2017-07-31,23.5,23.6,23.0,23.2,2137751.0
NURANI,2017-07-30,23.8,23.9,23.1,23.2,1140246.0
NURANI,2017-07-27,24.3,24.6,23.7,23.8,1164807.0
NURANI,2017-07-26,24.0,24.5,23.8,24.2,1172228.0
NURANI,2017-07-25,23.8,24.2,23.8,23.9,1435795.0
NURANI,2017-07-24,23.0,24.0,22.8,23.6,1862979.0
NURANI,2017-07-23,23.9,23.9,22.9,23.1,1167751.0
NURANI,2017-07-20,23.6,24.3,23.4,23.6,1515333.0
NURANI,2017-07-19,24.7,24.7,23.1,23.4,2086604.0
NURANI,2017-07-18,24.5,25.2,24.2,24.5,2374016.0
NURANI,2017-07-17,25.3,25.4,24.0,24.2,3472921.0
NURANI,2017-07-16,26.6,26.8,25.0,25.2,4473467.0
NURANI,2017-07-13,27.2,27.2,26.3,26.6,3602140.0
NURANI,2017-07-12,20.8,20.9,20.2,20.4,1616906.0
NURANI,2017-07-11,20.1,20.2,19.5,19.7,907113.0
NURANI,2017-07-09,22.3,22.5,22.0,22.2,1501389.0
NURANI,2017-07-08,23.5,24.5,23.4,24.3,3055329.0
NURANI,2017-07-06,20.3,20.3,19.6,19.7,3747891.0
NURANI,2017-06-29,23.5,23.5,21.9,22.2,3588505.0
NURANI,2017-06-28,23.6,23.7,22.4,22.6,3172763.0
NURANI,2017-06-22,23.1,23.9,23.0,23.4,3916343.0
NURANI,2017-06-21,23.1,23.6,22.7,23.0,5077846.0
NURANI,2017-06-20,22.6,23.2,22.4,23.0,6277740.0
NURANI,2017-06-19,21.2,23.0,21.0,22.6,8026543.0
NURANI,2017-06-18,20.7,22.0,20.6,21.2,7229243.0
NURANI,2017-06-15,19.5,20.7,19.5,20.6,5837845.0
NURANI,2017-06-14,19.6,19.6,19.2,19.5,3504915.0
NURANI,2017-06-13,19.8,19.8,19.2,19.4,2117527.0
NURANI,2017-06-12,21.2,21.2,20.6,20.7,2354378.0
NURANI,2017-06-11,20.0,20.3,19.9,20.1,577532.0
NURANI,2017-06-09,22.5,22.6,22.2,22.3,701976.0
NURANI,2017-06-08,23.6,23.7,23.2,23.3,1254765.0
NURANI,2017-06-07,24.9,26.0,24.9,25.6,3914151.0
NURANI,2017-06-06,19.0,20.5,18.8,20.2,3889532.0
NURANI,2017-05-12,20.6,21.4,20.5,21.1,5570409.0
NURANI,2017-05-11,20.1,20.6,20.0,20.1,767205.0
NURANI,2017-05-10,20.5,20.8,20.3,20.4,664080.0
NURANI,2017-05-09,22.5,22.9,22.4,22.5,881062.0
NURANI,2017-05-07,25.2,25.3,24.5,24.8,4427637.0
NURANI,2017-05-06,19.6,19.9,18.8,19.0,4040318.0
NURANI,2017-04-12,20.2,20.8,20.2,20.4,1912129.0
NURANI,2017-04-10,20.9,21.0,20.5,20.7,423856.0
NURANI,2017-04-09,22.7,22.9,22.3,22.5,1243983.0
NURANI,2017-04-07,24.6,25.5,24.3,25.0,5023937.0
NURANI,2017-04-06,20.5,20.9,19.5,19.7,2803358.0
NURANI,2017-03-12,20.2,20.4,19.9,20.2,1113225.0
NURANI,2017-03-10,19.5,21.2,19.4,20.7,901186.0
NURANI,2017-03-08,23.3,23.6,23.2,23.4,1165855.0
NURANI,2017-03-07,22.7,24.8,22.7,24.5,8105765.0
NURANI,2017-02-11,20.2,20.5,19.8,20.2,828451.0
NURANI,2017-02-10,20.2,20.9,19.1,19.5,918602.0
NURANI,2017-02-08,24.0,24.0,23.1,23.3,1785183.0
NURANI,2017-02-07,22.1,23.0,22.1,22.6,2304611.0
NURANI,2017-01-11,19.6,20.3,19.6,20.0,1024658.0
NURANI,2017-01-08,23.2,24.2,23.2,23.6,1637114.0
NURANI,2017-01-06,25.0,27.0,20.4,20.8,14257282.0
